Draw,Date,win1,win2,win3,win4,win5,win6,addno,fromlast,same_as_day,odd,even, 1-10, 11-20, 21-30, 31-40, 41-50,win1_no,win1_price,win2_no,win2_price,win3_no,win3_price,win4_no,win4_price,win5_no,win5_price,win6_no,win6_price,win7_no,win7_price
3359,5/4/18,3,5,21,30,32,40,34,"3,30",5,3,3,2,0,2,2,0,0,0,1,303815,109,1917,265,430,6922,50,8091,25,126279,10
3358,2/4/18,3,12,30,39,43,48,20,,,3,3,1,1,1,1,2,0,0,5,48674,383,437,219,417,4486,50,6341,25,85277,10
3357,29/3/18,11,15,17,21,27,33,10,27,,6,0,0,3,2,1,0,3,855036,1,297254,155,1319,381,293,7809,50,11595,25,130768,10
3356,26/3/18,6,13,14,27,32,36,29,"6,13,27",,2,4,1,2,1,2,0,0,0,1,242769,86,1941,252,362,5373,50,6657,25,92985,10
3355,22/3/18,5,6,13,21,27,47,42,,,5,1,2,1,2,0,1,1,1116951,2,117574,88,1838,236,374,5549,50,6253,25,101986,10
3354,19/3/18,3,18,31,39,43,46,29,,,4,2,1,1,0,2,2,1,2826396,1,595031,147,1618,267,486,7067,50,8957,25,126570,10
3353,15/3/18,9,16,23,25,34,40,47,"9,16",,3,3,1,1,2,2,0,0,0,0,0,70,2448,169,553,5151,50,5274,25,96525,10
3352,12/3/18,9,12,15,16,29,44,2,,12,3,3,1,3,1,0,1,1,5055761,10,50792,267,1308,761,251,13106,50,20192,25,223376,10
3351,8/3/18,2,10,14,24,28,40,21,,,0,6,2,1,2,1,0,0,0,1,311148,137,1562,318,367,7105,50,9568,25,128606,10
3350,5/3/18,6,15,16,30,32,39,19,,,2,4,1,2,1,2,0,0,0,4,61327,78,2163,284,324,4561,50,7054,25,90125,10
3349,2/3/18,24,28,31,37,40,49,29,40,,3,3,0,0,2,3,1,2,6013609,26,80545,770,1870,2201,357,39497,50,56256,25,731669,10
3348,26/2/18,4,9,13,15,40,44,48,"4,13,15",,3,3,2,2,0,1,1,2,819090,2,172440,141,1682,307,422,7759,50,8665,25,139933,10
3347,22/2/18,4,12,13,15,35,46,21,,,3,3,1,3,0,1,1,1,1428828,4,75202,151,1370,338,334,5605,50,8566,25,114253,10
3346,19/2/18,10,21,29,34,37,43,28,,,4,2,1,0,2,2,1,1,5460952,4,132875,154,2373,512,390,10559,50,14408,25,185354,10
3345,15/2/18,16,18,30,31,36,41,1,41,,2,4,0,2,1,2,1,0,0,5,73436,119,2122,380,363,7057,50,10371,25,132664,10
3344,12/2/18,12,14,19,23,37,41,3,23,12,4,2,0,3,1,1,1,0,0,1,250999,113,1528,238,396,5200,50,7849,25,96508,10
3343,9/2/18,8,15,16,23,40,49,18,40,,3,3,1,2,1,1,1,2,3181107,7,150809,455,1596,1138,348,23660,50,32663,25,410512,10
3342,5/2/18,25,33,38,40,42,48,27,,,2,4,0,0,1,3,2,0,0,1,281651,82,2362,200,529,4658,50,6935,25,89874,10
3341,1/2/18,4,15,20,22,29,32,8,32,,2,4,1,2,2,1,0,2,588205,6,41278,90,1892,322,289,4730,50,9960,25,92257,10
3340,29/1/18,7,14,25,32,44,48,19,25,,2,4,1,1,1,1,2,2,613137,2,129082,94,1889,216,449,4534,50,6449,25,85242,10
3339,25/1/18,1,15,23,25,34,47,2,"1,15",25,5,1,1,1,2,1,1,1,2683719,1,314602,118,1833,300,394,5917,50,9117,25,111157,10
3338,22/1/18,1,2,15,29,32,49,11,2,,4,2,2,1,1,1,1,0,0,3,83465,82,2100,255,369,5069,50,8143,25,90152,10
3337,18/1/18,2,6,12,17,26,40,44,"2,6",,1,5,2,2,1,1,0,1,8614827,7,112719,418,1298,843,351,22101,50,21750,25,357704,10
3336,15/1/18,1,2,6,28,29,49,17,49,,3,3,3,0,2,0,1,0,0,5,92702,208,1533,533,327,11359,50,15124,25,200914,10
3335,11/1/18,22,24,25,40,45,49,3,45,,3,3,0,0,3,1,2,0,0,2,150781,88,2356,236,480,4990,50,6882,25,95812,10
3334,8/1/18,6,10,18,36,44,45,46,,,1,5,2,1,0,1,2,0,0,1,259547,106,1684,248,393,5782,50,6641,25,103586,10
3333,5/1/18,3,4,13,19,23,47,5,3,,5,1,2,2,1,0,1,0,0,19,729761,642,1698,2053,290,34408,50,55156,25,627469,10
3332,1/1/18,3,9,16,34,45,46,49,"3,16",,3,3,2,1,0,1,2,0,0,4,115899,129,2471,397,438,8304,50,11976,25,164921,10
3331,28/12/17,1,3,5,16,27,40,26,,,4,2,3,1,1,1,0,0,0,6,48799,123,1637,301,365,7191,50,8904,25,132961,10
3330,25/12/17,6,7,14,17,19,29,46,,,4,2,2,3,1,0,0,0,0,2,121704,177,946,245,373,8479,50,6250,25,126435,10
3329,21/12/17,1,2,26,27,35,43,23,"2,35",,4,2,2,0,2,1,1,1,1084370,1,228289,78,2013,173,495,3862,50,5476,25,75040,10
3328,18/12/17,2,6,10,19,31,35,34,,,3,3,3,1,0,2,0,2,572571,1,241083,100,1658,237,382,6800,50,6384,25,115473,10
3327,14/12/17,1,9,13,33,41,48,21,,,5,1,2,1,0,1,2,1,4390479,3,132600,139,1968,358,417,7629,50,11170,25,151797,10
3326,11/12/17,5,12,37,39,42,43,15,37,,4,2,1,1,0,2,2,0,0,1,305318,116,1810,269,426,5795,50,8037,25,106936,10
3325,7/12/17,9,10,25,37,45,46,40,,,4,2,2,0,1,1,2,0,0,1,221197,76,2001,144,577,4814,50,5067,25,88549,10
3324,4/12/17,4,5,19,38,39,40,26,38,4,3,3,2,1,0,3,0,1,7979860,13,57092,305,1673,770,362,15631,50,21382,25,292902,10
3323,30/11/17,17,22,29,36,38,47,46,,,3,3,0,1,2,2,1,0,0,6,67613,157,1777,361,422,7798,50,10161,25,145032,10
3322,27/11/17,7,8,23,30,42,48,38,,,2,4,2,0,2,0,2,0,0,2,152757,119,1766,327,351,6506,50,8966,25,122930,10
3321,23/11/17,11,14,41,46,47,49,48,11,,4,2,0,2,0,0,4,0,0,3,75533,71,2195,383,222,4072,50,7280,25,72678,10
3320,20/11/17,9,11,13,18,20,34,27,"11,13,34",20,3,3,1,4,0,1,0,1,1145119,3,80360,144,1151,461,197,8025,50,10677,25,125590,10
3319,16/11/17,11,13,16,27,34,48,30,,16,3,3,0,3,1,1,1,1,4699342,4,186186,167,1734,456,347,10281,50,12548,25,176876,10
3318,13/11/17,3,19,21,35,37,44,26,44,,5,1,1,1,1,2,1,0,0,0,0,116,1918,242,502,5836,50,7724,25,109912,10
3317,9/11/17,22,31,33,41,44,47,24,,,4,2,0,0,1,2,3,0,0,1,244593,97,1734,195,471,4494,50,5707,25,79810,10
3316,6/11/17,2,8,11,15,19,32,47,32,,3,3,2,3,0,1,0,0,0,8,1105236,488,1037,769,359,22074,50,19063,25,363439,10
3315,2/11/17,7,17,18,30,32,47,39,30,,3,3,1,2,1,1,1,0,0,4,105311,158,1833,365,433,8469,50,10731,25,159668,10
3314,30/10/17,8,20,30,43,46,48,18,,30,1,5,1,1,1,0,3,0,0,1,323157,101,2200,315,385,5920,50,8795,25,114336,10
3313,26/10/17,3,10,25,32,36,37,6,,,3,3,2,0,1,3,0,0,0,2,113287,92,1694,283,301,4884,50,8261,25,85691,10
3312,23/10/17,2,9,23,35,38,48,20,2,23,3,3,2,0,1,2,1,2,4033779,11,66609,299,1685,702,392,15654,50,20311,25,290114,10
3311,19/10/17,2,4,15,20,26,28,24,,,1,5,2,2,2,0,0,0,0,1,416797,193,1485,574,273,10839,50,14944,25,181456,10
3310,16/10/17,6,11,12,34,36,49,3,6,,2,4,1,2,0,2,1,0,0,1,319162,140,1568,322,372,5938,50,10551,25,118814,10
3309,12/10/17,6,14,17,21,22,37,15,"6,14,17",,3,3,1,2,2,1,0,0,0,2,114894,99,1596,253,341,4901,50,6757,25,90667,10
3308,9/10/17,6,14,17,40,43,49,48,40,,3,3,1,2,0,1,2,1,8380725,12,65088,223,2408,779,376,14319,50,19984,25,273524,10
3307,5/10/17,9,19,23,36,40,44,20,23,,3,3,1,1,1,2,1,0,0,6,73148,173,1745,523,315,8929,50,13094,25,169225,10
3306,2/10/17,2,8,17,18,23,42,1,,2,2,4,2,2,1,0,1,0,0,7,45428,177,1236,535,223,8495,50,13010,25,151251,10
3305,28/9/17,11,12,26,27,29,33,10,26,,4,2,0,2,3,1,0,0,0,5,45286,93,1674,433,197,5561,50,10428,25,98704,10
3304,25/9/17,7,18,26,34,41,48,8,,,2,4,1,1,1,1,2,2,1282131,5,107969,115,1912,357,336,5883,50,10314,25,108965,10
3303,21/9/17,9,14,15,28,35,37,2,15,,4,2,1,2,1,2,0,0,0,0,0,80,1893,218,379,4653,50,6804,25,90219,10
3302,18/9/17,3,15,22,24,32,43,35,15,,3,3,1,1,2,1,1,1,8030687,4,185751,338,1512,754,370,14744,50,19547,25,269684,10
3301,14/9/17,12,15,29,36,40,45,16,,,3,3,0,2,1,2,1,0,0,3,139682,143,2015,373,422,8036,50,11379,25,146644,10
3300,11/9/17,7,14,17,18,44,48,2,,,2,4,1,3,0,0,2,0,0,2,150702,116,1787,305,371,6146,50,8479,25,115649,10
3299,7/9/17,13,19,20,21,32,49,27,,,4,2,0,3,1,1,1,0,0,2,113611,85,1838,174,490,3956,50,5850,25,81339,10
3298,4/9/17,10,11,22,36,38,46,13,36,,1,5,1,1,1,2,1,2,2311781,1,451212,205,1514,361,469,8989,50,12255,25,169109,10
3297,31/8/17,3,36,39,40,44,47,14,39,,3,3,1,0,0,3,2,0,0,1,522170,68,2926,240,453,4554,50,6528,25,90630,10
3296,28/8/17,1,21,29,35,39,46,8,39,,5,1,1,0,2,2,1,0,0,0,0,64,2501,227,385,3516,50,6804,25,69429,10
3295,24/8/17,11,17,26,30,32,39,33,,,3,3,0,2,2,2,0,1,1020676,1,214880,46,3212,207,390,3996,50,5436,25,77580,10
3294,21/8/17,4,7,12,18,42,47,41,47,,2,4,2,2,0,0,2,1,7922612,8,95597,337,1561,801,359,18226,50,21603,25,327776,10
3293,17/8/17,11,15,29,39,41,47,25,39,,6,0,0,2,1,1,2,0,0,4,100087,112,2458,362,415,7077,50,10254,25,137708,10
3292,14/8/17,2,8,17,22,39,46,6,"39,46",,2,4,2,1,1,1,1,0,0,3,95297,124,1586,383,280,6666,50,11580,25,118231,10
3291,10/8/17,1,31,39,45,46,49,34,46,,5,1,1,0,0,2,3,0,0,1,216908,61,2445,176,463,3569,50,4247,25,66742,10
3290,7/8/17,5,17,34,40,42,46,22,,,2,4,1,1,0,2,2,2,555258,3,77931,76,2115,235,374,4080,50,5672,25,75485,10
3289,3/8/17,14,19,22,27,32,36,40,14,,2,4,0,2,2,2,0,1,1074800,1,226274,88,1768,197,431,4247,50,5308,25,78674,10
3288,31/7/17,11,13,14,16,30,43,47,14,,3,3,0,4,1,0,1,1,2469476,2,152360,105,1996,260,440,6262,50,6545,25,116697,10
3287,27/7/17,14,20,24,33,37,41,18,41,,3,3,0,2,1,2,1,0,0,2,107585,89,1663,214,378,4007,50,5224,25,70771,10
3286,24/7/17,2,22,23,32,35,41,7,"35,41",,3,3,1,0,2,2,1,1,4418860,5,85583,208,1415,526,306,8951,50,13705,25,153630,10
3285,20/7/17,8,11,35,39,41,43,13,11,,5,1,1,1,0,2,2,0,0,4,68632,87,2170,305,338,5196,50,7749,25,97663,10
3284,17/7/17,9,11,16,20,27,46,39,,,3,3,1,3,1,0,1,0,0,3,75950,90,1741,262,327,5986,50,5819,25,103939,10
3283,13/7/17,24,30,33,34,47,49,12,,,3,3,0,0,2,2,2,1,1059604,1,223075,54,2841,143,585,3279,50,5057,25,63660,10
3282,10/7/17,11,16,31,35,46,48,41,,,3,3,0,2,0,2,2,1,2546945,2,268100,113,1884,284,409,5520,50,7324,25,102824,10
3281,6/7/17,2,4,7,26,40,47,35,7,,2,4,3,0,1,1,1,0,0,0,0,83,1878,203,419,5103,50,5269,25,91926,10
3280,3/7/17,5,7,9,27,31,34,40,9,,5,1,3,0,1,2,0,2,559576,2,117806,158,1026,244,363,7999,50,6676,25,133621,10
3279,29/6/17,2,9,13,16,29,40,46,,29,3,3,2,2,1,1,0,2,2195158,3,138961,212,1352,333,470,10267,50,10482,25,185991,10
3278,26/6/17,14,20,21,23,25,37,15,20,,4,2,0,2,3,1,0,0,0,1,292980,110,1832,297,370,6329,50,8753,25,109179,10
3277,22/6/17,4,5,12,20,47,49,25,,,3,3,2,2,0,0,2,0,0,3,71472,65,2268,197,409,4381,50,7020,25,86167,10
3276,19/6/17,1,23,30,34,40,42,14,23,,2,4,1,0,2,2,1,1,4278784,4,102140,170,1653,351,437,7444,50,10061,25,135526,10
3275,15/6/17,20,21,23,37,39,47,31,"21,23",,5,1,0,1,2,2,1,0,0,2,133357,71,2583,212,472,4022,50,6178,25,80171,10
3274,12/6/17,9,10,19,21,23,43,15,,,5,1,2,1,2,0,1,0,0,3,75175,118,1314,326,260,6237,50,8389,25,104138,10
3273,8/6/17,5,7,22,25,34,40,1,40,,3,3,2,0,2,2,0,1,1046310,4,55069,91,1665,261,317,5021,50,7522,25,91133,10
3272,5/6/17,15,21,23,24,39,40,18,15,,4,2,0,1,3,2,0,1,2436206,3,97501,117,1719,255,431,5167,50,7401,25,98461,10
3271,1/6/17,9,15,17,22,44,46,2,15,,3,3,1,2,1,0,2,0,0,1,220385,79,1918,234,354,4029,50,6875,25,80879,10
3270,29/5/17,13,15,16,27,36,47,24,,,4,2,0,3,1,1,1,1,2492273,3,252025,95,2176,275,410,5369,50,7569,25,103042,10
3269,25/5/17,3,8,11,32,44,46,12,44,,2,4,2,1,0,1,2,0,0,0,0,87,1771,181,465,4350,50,7242,25,85690,10
3268,22/5/17,21,24,31,34,37,44,45,44,,3,3,0,0,2,3,1,1,1099071,0,0,164,970,158,550,3848,50,4641,25,73077,10
3267,18/5/17,4,23,43,44,46,48,16,23,,2,4,1,0,1,0,4,2,529816,3,74361,63,2435,151,554,3744,50,4590,25,67663,10
3266,15/5/17,8,14,16,23,24,27,5,"8,27",,2,4,1,2,3,0,0,2,2233143,9,46505,203,1418,649,242,9442,50,18179,25,168566,10
3265,11/5/17,8,9,12,18,27,45,13,45,,3,3,2,2,1,0,1,0,0,3,94188,283,687,414,256,10929,50,10969,25,156130,10
3264,8/5/17,5,21,29,30,38,45,1,,,4,2,1,0,3,1,1,0,0,1,631272,63,2610,198,453,4571,50,6764,25,89219,10
3263,4/5/17,4,13,14,36,41,43,45,,4,3,3,1,2,0,1,2,1,4338512,0,0,164,1644,348,423,8360,50,9792,25,143950,10
3262,1/5/17,8,17,24,29,32,45,14,32,,3,3,1,1,2,1,1,0,0,2,148469,117,1745,365,306,5795,50,7888,25,111683,10
3261,27/4/17,4,7,15,31,32,43,37,"31,32",,4,2,2,1,0,2,1,0,0,1,224332,66,2337,152,554,4292,50,5234,25,84699,10
3260,24/4/17,2,8,22,31,32,35,36,2,,2,4,2,0,1,3,0,1,1106963,3,77682,85,1885,235,372,4795,50,6392,25,92774,10
3259,20/4/17,2,12,25,28,37,38,22,"12,25,28",,2,4,1,1,2,2,0,1,1075999,4,56632,83,1877,255,334,4584,50,7238,25,86240,10
3258,17/4/17,12,17,25,28,36,44,3,,17,2,4,0,2,2,1,1,2,562158,4,59175,105,1550,283,314,4949,50,7780,25,92821,10
3257,13/4/17,7,9,16,27,32,47,36,,,4,2,2,1,1,1,1,1,2582205,4,73578,159,1273,318,348,6701,50,8609,25,125560,10
3256,10/4/17,13,19,20,23,29,31,48,20,,5,1,0,3,2,1,0,0,0,2,124656,139,1234,194,482,6193,50,5432,25,106984,10
3255,6/4/17,10,12,20,27,43,46,26,,,2,4,1,2,1,0,2,1,4726002,3,142907,158,1866,340,473,8454,50,11723,25,165655,10
3254,3/4/17,1,28,30,32,40,48,31,28,,1,5,1,0,2,2,1,0,0,6,54343,119,1884,244,502,5263,50,7750,25,103444,10
3253,30/3/17,28,34,38,39,42,46,24,28,,1,5,0,0,1,3,2,0,0,2,120087,54,3058,175,515,3527,50,5504,25,71263,10
3252,27/3/17,1,27,28,40,41,44,36,"28,44",27,3,3,1,0,2,1,2,0,0,4,2138384,224,2110,580,445,12946,50,17108,25,237924,10
3251,23/3/17,5,13,18,25,28,44,16,,,3,3,1,2,2,0,1,0,0,3,137389,192,1476,457,339,10222,50,12469,25,174863,10
3250,20/3/17,6,20,30,41,42,45,35,20,20,2,4,1,1,1,0,3,0,0,4,78380,74,2913,240,490,5409,50,7983,25,105543,10
3249,16/3/17,2,9,15,19,20,37,29,,,4,2,2,3,0,1,0,0,0,2,121471,150,1114,471,194,8114,50,10610,25,124235,10
3248,13/3/17,6,28,30,35,39,42,33,6,,2,4,1,0,2,2,1,1,4879381,2,227669,156,2007,397,431,8067,50,11608,25,154892,10
3247,9/3/17,2,6,9,17,26,46,13,,9,2,4,3,1,1,0,1,0,0,9,34623,254,844,703,167,11185,50,13010,25,162823,10
3246,6/3/17,16,22,28,36,39,47,3,36,,2,4,0,1,2,2,1,0,0,1,260299,78,2295,251,389,4397,50,6914,25,80396,10
3245,2/3/17,8,14,20,35,36,41,38,35,,2,4,1,2,0,2,1,1,1241306,2,130664,139,1293,229,428,5137,50,6504,25,93943,10
3244,27/2/17,22,25,27,29,35,49,31,,27,5,1,0,0,4,1,1,1,1289621,3,90500,131,1425,260,392,5915,50,6781,25,101943,10
3243,23/2/17,7,8,9,28,41,42,29,,,3,3,3,0,1,0,2,2,4260162,8,89302,326,1507,1082,248,18190,50,25391,25,325705,10
3242,20/2/17,2,6,13,17,23,46,3,17,,3,3,2,2,1,0,1,0,0,2,238074,184,1780,584,306,11097,50,18530,25,198395,10
3241,16/2/17,8,17,31,43,44,48,46,,,3,3,1,1,0,1,3,0,0,2,167482,107,2153,295,426,6233,50,8342,25,117875,10
3240,13/2/17,7,10,19,23,24,33,3,"7,24",,4,2,2,1,2,1,0,0,0,5,53647,128,1441,403,250,6865,50,12078,25,118501,10
3239,10/2/17,2,7,24,27,29,34,21,,,3,3,2,0,3,1,0,4,3000413,26,89083,1052,1514,2516,346,53715,50,70461,25,938603,10
3238,6/2/17,9,14,17,25,30,36,44,,,3,3,1,2,2,1,0,4,2625703,12,81688,458,1472,958,384,22827,50,25627,25,405957,10
3237,2/2/17,11,20,21,29,37,48,23,21,,4,2,0,2,2,1,1,0,0,8,70619,182,2135,565,375,10666,50,14967,25,202080,10
3236,30/1/17,21,22,25,27,32,39,6,22,,4,2,0,0,4,2,0,0,0,5,77952,150,1787,336,435,7551,50,11589,25,136121,10
3235,26/1/17,8,12,16,19,22,46,6,,,1,5,1,3,1,0,1,0,0,1,276164,128,1484,465,223,7176,50,13879,25,125569,10
3234,23/1/17,5,14,23,28,45,49,39,"5,49",23,4,2,1,1,2,0,2,1,4942864,6,78776,241,1349,408,435,10367,50,11695,25,186504,10
3233,19/1/17,5,8,16,44,48,49,32,,,2,4,2,1,0,0,3,0,0,3,104625,145,1489,315,374,7119,50,8624,25,127692,10
3232,16/1/17,2,7,17,21,35,42,16,,,4,2,2,1,1,1,1,0,0,2,127039,136,1285,254,376,6501,50,7548,25,101037,10
3231,12/1/17,3,6,12,25,40,43,42,,12,3,3,2,1,1,1,1,2,4081565,14,50442,306,1587,733,362,16203,50,18178,25,297875,10
3230,9/1/17,8,29,33,34,42,49,21,33,,3,3,1,0,1,2,2,0,0,2,227550,114,2745,401,426,7641,50,11635,25,152568,10
3229,5/1/17,7,15,20,33,39,44,43,,,4,2,1,2,0,2,1,0,0,4,76144,87,2407,257,445,6242,50,6946,25,115576,10
3228,2/1/17,1,18,22,35,38,49,30,,,3,3,1,1,1,2,1,0,0,2,126352,88,1975,200,474,4756,50,6083,25,89075,10
3227,29/12/16,2,4,34,36,42,46,15,46,,0,6,2,0,0,2,2,1,1121765,1,236161,86,1888,160,554,3832,50,5067,25,73474,10
3226,26/12/16,8,10,18,25,28,46,23,28,,1,5,2,1,2,0,1,3,368554,4,58193,118,1357,317,276,7303,50,8507,25,115490,10
3225,22/12/16,3,28,37,38,44,47,46,,,3,3,1,0,1,2,2,1,7630364,5,131039,217,2076,506,486,11974,50,14974,25,222339,10
3224,19/12/16,10,11,24,27,36,49,43,24,,3,3,1,1,2,1,1,0,0,2,358021,201,1492,363,451,9823,50,10404,25,177472,10
3223,15/12/16,4,18,24,39,46,47,10,46,,2,4,1,1,1,1,2,0,0,0,0,87,2214,174,604,4518,50,6429,25,86537,10
3222,12/12/16,2,14,31,36,43,46,39,46,,2,4,1,1,0,2,2,0,0,2,117580,65,2488,181,488,3449,50,5010,25,69516,10
3221,8/12/16,6,8,11,24,37,46,23,"11,24,37",8,2,4,2,1,1,1,1,1,1040938,3,73049,82,1838,257,320,5779,50,7026,25,102349,10
3220,5/12/16,5,9,11,19,24,37,36,"19,24",5,5,1,2,2,1,1,0,1,7433542,7,96676,490,950,822,309,21511,50,22079,25,346245,10
3219,1/12/16,3,4,8,19,24,46,12,"4,24",,2,4,3,1,1,0,1,0,0,7,55534,171,1563,676,216,9453,50,17715,25,166905,10
3218,28/11/16,2,4,15,24,37,48,6,2,,2,4,2,1,1,1,1,0,0,3,95203,110,1786,342,314,5133,50,9180,25,96313,10
3217,24/11/16,2,3,17,19,22,40,20,40,,3,3,2,2,1,1,0,0,0,2,106945,72,2043,268,300,4597,50,7118,25,85564,10
3216,21/11/16,4,21,25,40,47,48,49,21,21,3,3,1,0,2,1,2,1,2455190,5,58714,79,2555,250,441,4735,50,7795,25,92954,10
3215,17/11/16,1,21,31,36,39,43,38,31,,5,1,1,0,1,3,1,0,0,2,111657,85,1807,160,524,3661,50,4813,25,72230,10
3214,14/11/16,8,10,15,31,38,40,19,,,2,4,2,1,0,3,0,0,0,5,1639018,285,1647,822,312,16601,50,21610,25,291920,10
3213,10/11/16,17,22,26,34,41,47,42,41,,3,3,0,1,2,1,2,0,0,1,389050,137,1953,321,455,6607,50,8572,25,124996,10
3212,7/11/16,1,13,21,41,48,49,22,1,,5,1,1,1,1,0,3,0,0,2,144519,86,2311,252,431,5403,50,7037,25,99517,10
3211,3/11/16,1,11,19,26,35,39,14,19,,5,1,1,2,1,2,0,0,0,1,518824,77,1974,215,386,4989,50,6123,25,91571,10
3210,31/10/16,14,19,24,32,36,42,35,,,1,5,0,2,1,2,1,1,2446298,0,0,111,1845,239,468,5602,50,6951,25,102303,10
3209,27/10/16,3,5,8,21,40,46,30,,,3,3,3,0,1,1,1,0,0,3,72390,94,1589,253,322,5034,50,7090,25,96125,10
3208,24/10/16,2,15,18,24,34,35,48,,24,2,4,1,2,1,2,0,2,1249879,2,149412,81,2537,207,542,5806,50,7363,25,111034,10
3207,20/10/16,5,14,20,23,36,49,30,,20,3,3,1,2,1,1,1,0,0,1,227443,87,1798,222,385,4629,50,6339,25,88697,10
3206,17/10/16,3,7,9,27,39,44,48,,,5,1,3,0,1,1,1,2,2375063,8,55505,226,1351,506,330,11944,50,11782,25,205023,10
3205,13/10/16,16,20,31,32,40,41,13,,,2,4,0,2,0,3,1,0,0,5,61197,116,1814,355,324,5888,50,9582,25,106541,10
3204,10/10/16,3,18,24,30,35,49,44,,,3,3,1,1,2,1,1,0,0,2,125006,111,1549,216,435,4904,50,5578,25,89897,10
3203,6/10/16,6,13,19,25,26,39,35,6,6,4,2,1,2,2,1,0,0,0,2,4367166,263,1866,704,381,16365,50,21098,25,300785,10
3202,3/10/16,6,9,14,27,28,46,2,,,2,4,2,1,2,0,1,0,0,3,150131,220,1408,544,311,11232,50,16510,25,193880,10
3201,29/9/16,1,3,4,24,34,48,29,48,,2,4,3,0,1,1,1,0,0,2,147340,112,1809,267,414,6566,50,8067,25,113142,10
3200,26/9/16,6,9,15,27,37,48,24,,,4,2,2,1,1,1,1,0,0,2,114821,96,1645,239,361,5196,50,6969,25,97147,10
3199,22/9/16,8,11,28,34,40,46,48,,,1,5,1,1,1,2,1,1,7884082,7,100715,284,1707,647,409,14604,50,19165,25,270538,10
3198,19/9/16,14,17,26,31,41,45,30,,,4,2,0,2,1,1,2,0,0,4,109012,147,2040,393,417,8348,50,11333,25,153152,10
3197,15/9/16,2,20,21,25,27,38,28,,,3,3,1,1,3,1,0,0,0,1,290015,133,1500,293,372,6930,50,9315,25,117241,10
3196,12/9/16,3,10,18,22,48,49,41,,,2,4,2,1,1,0,2,0,0,1,228748,104,1513,184,467,5151,50,5057,25,88224,10
3195,8/9/16,4,6,11,13,26,31,17,,,3,3,2,2,1,1,0,2,2257276,5,83666,315,914,685,230,13638,50,16296,25,211964,10
3194,5/9/16,3,9,14,21,32,40,7,3,,3,3,2,1,1,2,0,0,0,6,50405,125,1664,439,259,6481,50,12146,25,120018,10
3193,1/9/16,3,4,12,15,28,48,8,48,,2,4,2,2,1,0,1,0,0,3,76558,92,1717,488,177,5342,50,13330,25,95227,10
3192,29/8/16,11,19,23,32,48,49,34,11,,4,2,0,2,1,1,2,1,2635787,2,406709,116,1885,252,474,6202,50,7004,25,113345,10
3191,25/8/16,5,6,11,25,35,40,44,35,25,4,2,2,1,1,2,0,0,0,0,0,108,1509,245,363,6801,50,6497,25,121298,10
3190,22/8/16,1,10,35,36,41,49,48,"10,36",,4,2,2,0,0,2,2,1,1227949,0,0,98,1814,170,571,4175,50,5700,25,82766,10
3189,18/8/16,2,10,11,21,26,36,18,,,2,4,2,1,2,1,0,0,0,15,591455,373,1391,1045,271,18532,50,26243,25,323321,10
3188,15/8/16,3,16,18,31,35,38,29,,,3,3,1,2,0,3,0,0,0,3,239685,194,1571,415,401,10584,50,11995,25,176568,10
3187,11/8/16,13,22,30,32,45,46,29,,,2,4,0,1,2,1,2,0,0,0,0,80,2372,183,566,4539,50,6205,25,90726,10
3186,8/8/16,4,9,23,26,34,44,21,,,2,4,2,0,2,1,1,0,0,3,78419,99,1634,197,448,5042,50,6232,25,94897,10
3185,4/8/16,1,8,29,31,37,42,23,37,,4,2,2,0,1,2,1,1,2515240,8,36379,86,2327,338,323,6011,50,8548,25,112357,10
3184,1/8/16,6,14,24,36,37,39,27,"6,36",,2,4,1,1,1,3,0,0,0,2,119250,74,2216,198,452,4076,50,5832,25,79791,10
3183,28/7/16,4,6,8,15,29,36,9,6,,2,4,3,1,1,1,0,1,4415209,6,118842,210,1371,1028,153,11514,50,25363,25,190113,10
3182,25/7/16,6,26,38,40,44,49,16,44,,1,5,1,0,1,2,2,0,0,0,0,74,2735,229,482,4809,50,7427,25,93518,10
3181,21/7/16,2,14,18,27,31,44,26,,,2,4,1,2,1,1,1,0,0,1,216471,66,2255,190,428,4090,50,5618,25,74961,10
3180,18/7/16,8,11,22,35,36,46,43,11,,2,4,1,1,1,2,1,1,4497222,8,53707,178,1660,458,352,8707,50,10846,25,162687,10
3179,14/7/16,2,11,14,16,31,44,19,,14,2,4,1,3,0,1,1,0,0,3,94049,83,2338,277,382,5839,50,9333,25,113360,10
3178,11/7/16,7,21,22,30,35,39,19,"21,30",,4,2,1,0,3,2,0,0,0,5,46997,68,2376,226,390,4471,50,6619,25,87763,10
3177,7/7/16,4,6,13,15,21,30,49,,,3,3,2,2,2,0,0,1,2504631,2,263646,181,1106,223,490,8323,50,6961,25,133488,10
3176,4/7/16,11,18,26,27,34,46,22,11,,2,4,0,2,2,1,1,0,0,0,0,58,2802,199,446,4026,50,6262,25,78625,10
3175,30/6/16,11,12,15,16,21,32,47,12,,3,3,0,4,1,1,0,1,4428208,1,410601,237,1192,361,427,12100,50,9685,25,191552,10
3174,27/6/16,1,12,13,14,38,40,34,1,,2,4,1,3,0,2,0,0,0,3,100254,80,2585,225,502,5356,50,6985,25,109529,10
3173,23/6/16,1,3,5,8,20,44,22,,,3,3,4,1,0,0,1,0,0,4,55224,159,956,337,246,8550,50,9241,25,130593,10
3172,20/6/16,4,6,14,18,19,35,42,,,2,4,2,3,0,1,0,2,1238973,6,49592,212,965,281,398,8416,50,8292,25,139837,10
3171,16/6/16,5,11,30,36,44,46,16,30,,2,4,1,1,1,1,2,0,0,4,56032,79,1951,285,295,4264,50,8084,25,79764,10
3170,13/6/16,6,18,22,24,26,30,36,,,0,6,1,1,4,0,0,2,1269404,4,77355,190,1120,478,243,8599,50,9464,25,141393,10
3169,9/6/16,12,21,27,28,35,43,47,12,,4,2,0,1,3,1,1,0,0,1,225070,78,1984,180,469,4429,50,4649,25,85390,10
3168,6/6/16,2,7,12,19,29,36,20,,,3,3,2,2,1,1,0,2,3943722,12,59149,328,1488,1021,261,19205,50,26620,25,317354,10
3167,2/6/16,1,15,23,25,33,42,44,33,,5,1,1,1,2,1,1,0,0,4,181551,147,1986,355,449,8306,50,9980,25,160178,10
3166,30/5/16,8,12,24,33,35,39,22,,,3,3,1,1,1,3,0,0,0,0,0,119,1743,291,389,6840,50,9215,25,121946,10
3165,26/5/16,7,15,19,31,32,40,47,"7,31",,4,2,1,2,0,3,0,0,0,2,112263,67,2304,149,566,4186,50,4426,25,81381,10
3164,23/5/16,7,12,20,24,30,31,43,,,2,4,1,2,2,1,0,1,2499459,4,76777,206,1025,377,306,9021,50,8098,25,144643,10
3163,19/5/16,2,17,19,23,32,49,33,,19,4,2,1,2,1,1,1,0,0,5,43820,76,1982,208,395,4348,50,6262,25,84710,10
3162,16/5/16,1,10,24,26,36,47,4,1,,2,4,2,0,2,1,1,1,8045163,8,91209,255,1968,598,458,13751,50,20354,25,261092,10
3161,12/5/16,1,4,23,40,46,48,34,1,,2,4,2,0,1,1,2,0,0,1,421333,169,1714,323,490,7487,50,9891,25,141934,10
3160,9/5/16,1,12,26,29,39,49,42,49,,4,2,1,1,2,1,1,0,0,3,103092,96,2215,244,476,6121,50,7075,25,112758,10
3159,5/5/16,9,20,23,46,48,49,42,9,,3,3,1,1,1,0,3,0,0,2,116721,98,1638,227,386,4916,50,5451,25,82815,10
3158,2/5/16,6,7,8,9,14,19,48,,,3,3,4,2,0,0,0,5,222182,4,58469,481,335,417,211,15579,50,7733,25,169778,10
3157,28/4/16,3,20,26,31,34,40,30,3,,2,4,1,1,1,3,0,1,4661193,2,215039,176,1680,374,432,8061,50,12270,25,151977,10
3156,25/4/16,1,3,4,22,37,41,31,,,4,2,3,0,1,1,1,0,0,1,784069,106,2076,308,390,6565,50,9460,25,132331,10
3155,21/4/16,13,14,19,32,33,48,42,14,,3,3,0,3,0,2,1,0,0,0,0,81,1964,166,523,3833,50,5047,25,73790,10
3154,18/4/16,11,14,21,28,30,39,49,28,,3,3,0,2,3,1,0,1,1105998,0,0,79,2027,180,486,4773,50,5427,25,92072,10
3153,14/4/16,3,4,19,26,28,34,30,,,2,4,2,1,2,1,0,4,1967861,9,76065,283,1664,738,348,15956,50,20739,25,287318,10
3152,11/4/16,9,13,16,18,48,49,42,,,3,3,1,3,0,0,2,0,0,5,87364,202,1487,413,397,9784,50,11373,25,179126,10
3151,7/4/16,1,7,30,32,38,46,23,38,7,2,4,2,0,1,2,1,0,0,3,97561,95,2119,249,441,4651,50,8395,25,99123,10
3150,4/4/16,10,15,22,28,34,38,12,22,,1,5,1,1,2,2,0,0,0,3,81023,98,1706,273,334,4794,50,7684,25,87544,10
3149,31/3/16,20,21,22,31,39,46,32,39,31,3,3,0,1,2,2,1,1,2612507,1,303923,103,2029,260,439,5575,50,7137,25,107200,10
3148,28/3/16,8,9,15,28,36,39,33,"9,28",28,3,3,2,1,1,2,0,0,0,4,61520,166,1020,361,256,7258,50,9321,25,118919,10
3147,24/3/16,4,9,28,35,38,44,36,,,2,4,2,0,1,2,1,1,2656339,2,151622,100,2085,270,422,6184,50,8207,25,116831,10
3146,21/3/16,8,12,20,39,43,47,9,20,,3,3,1,2,0,1,2,0,0,2,127994,103,1709,272,353,4769,50,8572,25,89835,10
3145,17/3/16,2,3,20,21,30,33,12,33,,3,3,2,1,2,1,0,1,1159310,9,27119,133,1262,578,159,6374,50,12752,25,106305,10
3144,14/3/16,8,10,24,29,31,33,4,"29,33",,3,3,2,0,2,2,0,4,2163551,8,94675,296,1760,885,321,17179,50,24257,25,307158,10
3143,10/3/16,25,29,32,33,34,49,13,33,,4,2,0,0,2,3,1,0,0,2,228128,132,2377,387,443,7974,50,11974,25,150313,10
3142,7/3/16,9,18,30,33,45,47,25,33,,4,2,1,1,1,1,2,0,0,3,115253,107,2222,334,389,6596,50,10062,25,127981,10
3141,3/3/16,6,14,24,33,38,41,25,,,2,4,1,1,1,2,1,0,0,2,131264,120,1505,297,332,5953,50,8712,25,99836,10
3140,29/2/16,8,11,15,17,28,47,18,17,,4,2,1,3,1,0,1,3,1818836,3,175685,271,1338,664,298,12712,50,19848,25,233894,10
3139,25/2/16,7,14,17,23,35,49,31,,,5,1,1,2,1,1,1,0,0,2,168267,114,2030,280,451,6788,50,8908,25,127490,10
3138,22/2/16,10,18,22,37,39,40,46,18,22,2,4,1,1,1,3,0,0,0,4,71289,89,2203,230,465,5313,50,6467,25,101494,10
3137,19/2/16,16,18,20,21,27,49,23,49,,3,3,0,3,2,0,1,2,6971841,20,122838,936,1805,2542,363,53319,50,71812,25,964183,10
3136,15/2/16,3,5,29,40,43,49,21,49,,5,1,2,0,1,1,2,0,0,3,136081,129,2176,341,449,7186,50,10004,25,142204,10
3135,11/2/16,7,8,17,39,46,49,13,,,4,2,2,1,0,1,2,1,9545480,10,89225,360,1704,999,335,18318,50,24852,25,338822,10
3134,8/2/16,13,14,16,21,24,42,7,21,,2,4,0,3,2,0,1,0,0,9,56127,212,1639,535,355,10250,50,16438,25,188575,10
3133,4/2/16,2,21,26,34,39,49,3,,,3,3,1,0,2,2,1,0,0,4,86892,92,2598,371,352,5770,50,9435,25,114911,10
3132,1/2/16,9,10,11,22,23,32,6,22,,3,3,2,1,2,1,0,0,0,4,66156,218,835,621,160,8935,50,14566,25,134191,10
3131,28/1/16,4,20,22,40,41,48,21,"40,48",,1,5,1,1,1,1,2,1,4969571,3,267984,158,2055,395,449,8582,50,11648,25,162308,10
3130,25/1/16,16,17,19,35,40,48,37,,,3,3,0,3,0,2,1,0,0,0,0,106,2152,237,525,5765,50,7385,25,110315,10
3129,21/1/16,2,11,23,24,33,44,28,11,,3,3,1,1,2,1,1,0,0,6,40380,92,1811,297,306,4822,50,7400,25,90849,10
3128,18/1/16,4,11,40,43,48,49,17,4,,3,3,1,1,0,1,3,1,2814695,5,66966,108,2132,297,423,5845,50,8262,25,110335,10
3127,14/1/16,1,2,4,7,28,41,18,,,3,3,4,0,1,0,1,0,0,2,128870,236,751,404,240,9048,50,10207,25,132014,10
3126,11/1/16,13,20,22,29,36,37,33,20,,3,3,0,2,2,2,0,0,0,2,4559710,300,1732,643,441,14594,50,20967,25,273872,10
3125,7/1/16,3,5,6,20,21,45,33,3,,4,2,3,1,1,0,1,0,0,5,88259,212,1432,547,303,11876,50,14203,25,206662,10
3124,4/1/16,3,9,18,28,31,46,32,9,,3,3,2,1,1,1,1,0,0,2,281992,124,1748,261,453,7530,50,8103,25,135097,10
3123,31/12/15,9,21,23,35,38,41,36,35,,5,1,1,0,2,2,1,0,0,0,0,81,2113,205,456,5103,50,6201,25,99270,10
3122,28/12/15,7,15,16,17,35,47,41,,,5,1,1,3,0,1,1,1,4534221,3,139582,179,1609,354,444,8711,50,11578,25,162008,10
3121,24/12/15,10,20,21,27,33,46,37,,,3,3,1,1,2,1,1,0,0,4,73997,84,2423,230,483,5172,50,6936,25,103336,10
3120,21/12/15,11,14,18,22,35,43,28,,,3,3,0,3,1,1,1,0,0,1,239840,79,2088,275,328,4924,50,7942,25,91061,10
3119,17/12/15,2,12,17,19,20,33,27,33,17,3,3,1,4,0,1,0,1,1091584,8,28726,143,1105,345,250,7302,50,9567,25,116162,10
3118,14/12/15,6,21,25,29,33,40,31,,,4,2,1,0,3,2,0,1,4617220,5,86632,204,1460,479,340,9359,50,12431,25,168039,10
3117,10/12/15,4,8,11,39,44,46,29,44,,2,4,2,1,0,1,2,0,0,5,107778,91,2250,266,420,5551,50,7970,25,111735,10
3116,7/12/15,5,24,26,36,44,49,19,,,2,4,1,0,2,1,2,0,0,0,0,72,2303,208,435,4276,50,6268,25,80495,10
3115,3/12/15,17,20,34,37,43,48,32,37,,3,3,0,2,0,2,2,2,3859582,1,651039,219,2044,500,489,11506,50,15370,25,212738,10
3114,30/11/15,11,31,35,37,44,46,42,"44,46",,4,2,0,1,0,3,2,0,0,4,111652,143,2148,369,454,7637,50,10732,25,145098,10
3113,26/11/15,2,24,34,43,44,46,28,"44,46",,1,5,1,0,1,1,3,0,0,1,290744,87,2298,208,525,4811,50,6238,25,91216,10
3112,23/11/15,5,31,36,39,44,46,43,,,3,3,1,0,0,3,2,0,0,3,78901,76,2142,206,431,3953,50,5215,25,75188,10
3111,19/11/15,1,14,19,37,40,47,9,,19,4,2,1,2,0,2,1,1,4590360,7,59782,78,3689,430,365,6964,50,14071,25,140644,10
3110,16/11/15,3,5,18,41,46,48,40,41,,3,3,2,1,0,0,3,0,0,1,306509,106,1988,217,530,5346,50,6914,25,105131,10
3109,12/11/15,8,10,11,12,33,41,1,,12,3,3,2,2,0,1,1,0,0,8,30177,169,983,848,107,9947,50,17585,25,146422,10
3108,9/11/15,3,17,36,40,48,49,12,,,3,3,1,1,0,2,2,0,0,3,2697280,203,2254,548,456,11458,50,16210,25,216817,10
3107,5/11/15,2,26,27,28,37,47,17,27,,3,3,1,0,3,1,1,0,0,5,78316,152,1772,505,291,7125,50,12571,25,135404,10
3106,2/11/15,1,10,18,27,35,48,30,18,,3,3,2,1,1,1,1,0,0,3,168872,125,1612,248,444,5905,50,7681,25,109066,10
3105,29/10/15,7,9,18,26,36,46,43,,,2,4,2,1,1,1,1,0,0,0,0,96,1530,209,384,5473,50,5360,25,96049,10
3104,26/10/15,1,5,22,28,48,49,8,"5,22,48,49",,3,3,2,0,2,0,2,1,2373626,3,95096,99,1982,387,277,5882,50,11467,25,98078,10
3103,22/10/15,5,16,22,29,48,49,27,,22,3,3,1,1,2,0,2,0,0,4,53607,87,1695,181,445,4036,50,5549,25,78372,10
3102,19/10/15,10,13,27,36,39,45,47,,,4,2,1,1,1,2,1,1,4401337,3,141282,162,1799,364,437,8972,50,9721,25,161532,10
3101,15/10/15,7,14,23,25,28,33,31,28,,4,2,1,1,3,1,0,0,0,1,273589,98,1920,294,349,6329,50,8290,25,113563,10
3100,12/10/15,6,11,17,28,41,48,19,6,,3,3,1,2,1,0,2,0,0,3,76388,82,1922,258,334,4572,50,7158,25,86792,10
3099,8/10/15,6,8,15,20,25,45,22,20,8,3,3,2,2,1,0,1,1,1051401,5,44270,182,837,413,201,8761,50,8384,25,121610,10
3098,5/10/15,1,4,7,20,26,28,18,,,2,4,3,1,2,0,0,1,1096179,1,625091,153,1037,440,197,7557,50,10048,25,119620,10
3097,1/10/15,3,6,15,27,36,41,49,41,,4,2,2,1,1,1,1,1,4241221,0,0,171,1586,332,446,8986,50,8957,25,162573,10
3096,28/9/15,12,32,35,40,41,47,25,40,,3,3,0,1,0,3,2,0,0,2,143043,90,2186,211,509,4535,50,6326,25,86854,10
3095,24/9/15,8,16,25,29,31,40,11,8,,3,3,1,1,2,2,0,0,0,5,42498,99,1476,309,258,4445,50,7724,25,81760,10
3094,21/9/15,8,9,10,19,28,33,24,8,,3,3,3,1,1,1,0,4,1077108,6,69317,442,647,758,206,18152,50,17136,25,254025,10
3093,17/9/15,5,8,20,30,35,49,12,,,3,3,2,1,1,1,1,0,0,2,132440,97,1878,387,257,6290,50,10754,25,112267,10
3092,14/9/15,3,13,14,19,25,31,47,,14,5,1,1,3,1,1,0,0,0,1,226260,122,1276,173,491,6192,50,4854,25,106713,10
3091,10/9/15,27,33,38,39,41,47,35,,,5,1,0,0,1,3,2,1,1057094,2,111274,92,1664,199,420,4016,50,5675,25,71501,10
3090,7/9/15,1,3,12,15,26,31,16,1,,4,2,2,2,1,1,0,1,2501485,2,148898,201,1019,342,327,8958,50,10650,25,146499,10
3089,3/9/15,1,9,10,23,24,32,5,9,,3,3,3,0,2,1,0,0,0,3,76278,145,1085,525,164,6718,50,13944,25,111294,10
3088,31/8/15,5,8,9,12,18,48,24,48,,2,4,3,2,0,0,1,2,1256952,4,76767,338,625,636,182,14766,50,14504,25,203399,10
3087,27/8/15,13,16,19,23,25,48,11,23,,4,2,0,3,2,0,1,0,0,1,222179,72,2122,216,386,4059,50,7868,25,78617,10
3086,24/8/15,5,7,8,23,29,33,42,33,,5,1,3,0,2,1,0,1,7281576,8,80449,423,1047,848,285,20940,50,20230,25,342106,10
3085,20/8/15,3,14,19,33,38,41,22,,,4,2,1,2,0,2,1,0,0,5,78397,145,1859,409,360,8614,50,11352,25,150137,10
3084,17/8/15,2,6,20,21,27,36,31,,,2,4,2,1,2,1,0,0,0,3,93759,116,1668,305,346,6636,50,7945,25,118818,10
3083,13/8/15,8,10,12,34,38,48,19,"8,12",,0,6,2,1,0,2,1,0,0,1,216117,91,1633,251,323,5102,50,6992,25,93469,10
3082,10/8/15,6,7,8,12,37,45,1,,,3,3,3,1,0,1,1,1,2314529,6,45610,154,1222,583,177,8688,50,14743,25,147388,10
3081,6/8/15,11,15,20,33,38,40,8,,,3,3,0,3,0,3,0,0,0,7,30516,83,1770,443,181,4651,50,11694,25,82727,10
3080,3/8/15,18,21,23,25,26,41,40,"21,25",,4,2,0,1,4,0,1,4,1062436,4,102618,136,2075,345,447,8420,50,9541,25,153737,10
3079,30/7/15,2,10,13,21,25,49,7,,,4,2,2,1,2,0,1,0,0,3,90675,110,1701,423,242,5737,50,10889,25,101859,10
3078,27/7/15,6,9,40,42,43,46,37,,,2,4,2,0,0,1,3,0,0,2,106095,73,1999,160,498,4169,50,4857,25,77396,10
3077,23/7/15,4,13,18,24,34,37,48,34,,2,4,1,2,1,2,0,1,4098115,3,126857,168,1558,305,468,7979,50,8598,25,142178,10
3076,20/7/15,3,17,25,28,34,46,27,,,3,3,1,1,2,1,1,0,0,1,271186,95,1963,298,342,5232,50,8311,25,97187,10
3075,16/7/15,2,10,30,32,42,48,19,42,,0,6,2,0,1,1,2,0,0,3,70336,65,2232,347,229,3186,50,5262,25,66436,10
3074,13/7/15,31,33,34,35,37,42,6,"33,42",,4,2,0,0,0,5,1,1,1045633,1,220134,77,1966,149,555,3948,50,5020,25,67143,10
3073,9/7/15,5,24,33,38,42,44,49,,,2,4,1,0,1,2,2,1,1040297,1,219010,104,1448,171,481,5065,50,4883,25,86773,10
3072,6/7/15,1,6,9,18,21,35,26,21,6,4,2,3,1,1,1,0,2,2138108,6,70080,288,1004,630,251,13264,50,14497,25,213821,10
3071,2/7/15,7,12,13,21,30,32,5,,,3,3,1,2,2,1,0,0,0,6,44563,161,1142,553,182,8147,50,13755,25,129542,10
3070,29/6/15,2,14,15,26,29,31,8,"14,29",29,3,3,1,2,2,1,0,0,0,3,70802,101,1446,273,292,4661,50,8351,25,83093,10
3069,25/6/15,14,29,36,38,39,41,20,,,3,3,0,1,1,3,1,1,2263956,1,263709,91,1993,236,420,4751,50,6530,25,87573,10
3068,22/6/15,3,18,22,33,47,49,9,,22,4,2,1,1,1,1,2,0,0,3,70972,66,2218,207,386,3860,50,6493,25,73614,10
3067,18/6/15,5,20,28,35,39,46,15,,,3,3,1,1,1,2,1,2,1174123,6,82395,112,1701,324,321,4890,50,9968,25,93687,10
3066,15/6/15,9,21,26,27,29,48,20,,,4,2,1,0,4,0,1,0,0,0,0,70,2136,205,398,4646,50,6147,25,87875,10
3065,11/6/15,7,11,13,16,38,46,41,38,11,3,3,1,3,0,1,1,2,3505578,4,145115,228,1751,534,408,12539,50,15185,25,237223,10
3064,8/6/15,20,31,35,38,42,49,46,,,3,3,0,1,0,3,2,0,0,6,68864,142,2001,322,482,7109,50,8925,25,132985,10
3063,4/6/15,3,6,8,14,18,41,31,14,,2,4,3,2,0,0,1,0,0,10,26182,179,1006,515,191,8715,50,10468,25,133142,10
3062,1/6/15,5,9,14,29,32,36,28,5,,3,3,2,1,1,2,0,0,0,5,44115,117,1297,289,287,5297,50,7572,25,96223,10
3061,28/5/15,5,13,20,26,31,38,6,"13,26",,3,3,1,2,1,2,0,1,2265623,5,52107,119,1506,416,235,6983,50,10672,25,116935,10
3060,25/5/15,13,17,19,24,26,43,25,,,4,2,0,3,2,0,1,0,0,3,72148,76,1958,236,344,4565,50,6453,25,79589,10
3059,21/5/15,6,20,22,35,36,41,8,41,,2,4,1,1,1,2,1,1,2291593,1,263097,89,2033,237,417,4878,50,7852,25,91535,10
3058,18/5/15,17,23,32,33,41,45,15,"17,45",,5,1,0,1,1,2,2,0,0,1,219345,60,2514,182,452,3985,50,5508,25,74126,10
3057,14/5/15,8,17,19,45,47,48,14,,,4,2,1,2,0,0,3,1,2325270,4,66694,92,1994,233,430,5023,50,7145,25,94754,10
3056,11/5/15,3,6,7,20,21,23,33,,,4,2,3,1,2,0,0,0,0,4,55689,188,815,378,221,7933,50,9345,25,129159,10
3055,7/5/15,8,10,17,24,32,43,26,17,,2,4,2,1,1,1,1,1,1037428,2,109203,89,1688,234,350,5142,50,7018,25,90982,10
3054,4/5/15,6,11,17,22,25,36,42,,,3,3,1,2,2,1,0,1,2433920,4,73104,154,1306,347,316,8212,50,8471,25,134909,10
3053,30/4/15,18,19,28,37,46,48,4,46,,2,4,0,2,1,1,2,0,0,2,109996,58,2608,178,464,4414,50,5552,25,71746,10
3052,27/4/15,2,14,30,31,46,47,12,,,2,4,1,1,1,1,2,1,4401912,2,205526,127,2226,372,415,7214,50,11048,25,136103,10
3051,23/4/15,1,9,15,28,42,45,40,9,,4,2,2,1,1,0,2,0,0,3,94306,134,1452,297,358,6796,50,7206,25,124593,10
3050,20/4/15,9,16,17,25,27,36,7,,,4,2,1,2,2,1,0,0,0,8,29095,162,988,659,133,7363,50,13162,25,109434,10
3049,16/4/15,3,4,18,32,35,48,6,32,,2,4,2,1,0,2,1,1,2574194,2,149212,86,2386,279,402,5352,50,8390,25,107929,10
3048,13/4/15,6,13,31,32,40,43,3,"6,43",13,3,3,1,1,0,3,1,0,0,6,40586,75,2233,240,381,4717,50,7463,25,89603,10
3047,9/4/15,6,12,21,24,25,43,29,21,,3,3,1,1,3,0,1,3,2452072,4,141451,271,1436,566,375,13089,50,16157,25,230814,10
3046,6/4/15,3,18,21,42,45,49,25,42,,4,2,1,1,1,0,3,0,0,8,52378,152,1896,414,380,7671,50,10421,25,147875,10
3045,2/4/15,11,19,22,29,42,46,2,11,,3,3,0,2,2,0,2,0,0,6,51284,110,1924,412,281,6035,50,10186,25,112731,10
3044,30/3/15,11,12,30,38,45,47,6,"30,47",30,3,3,0,2,1,1,2,0,0,1,256151,95,1854,224,429,4621,50,7007,25,89459,10
3043,26/3/15,5,21,30,33,39,47,43,5,,5,1,1,0,2,2,1,0,0,2,4043670,186,2047,406,512,9696,50,12569,25,185469,10
3042,23/3/15,1,5,14,23,40,49,33,,23,4,2,2,1,1,1,1,0,0,6,129415,169,1902,484,363,10739,50,12405,25,202794,10
3041,19/3/15,3,15,26,29,38,45,49,45,,4,2,1,1,2,1,1,0,0,0,0,101,2105,221,525,6289,50,6983,25,117351,10
3040,16/3/15,7,10,19,41,43,45,31,19,,5,1,2,1,0,0,3,0,0,6,42657,102,1726,279,344,5203,50,7060,25,96084,10
3039,12/3/15,14,15,19,20,36,47,10,47,,3,3,0,4,0,1,1,1,8042310,5,126322,211,2058,650,365,12045,50,18097,25,225594,10
3038,9/3/15,9,11,38,39,44,47,3,"11,38,44,47",9,4,2,1,1,0,2,2,0,0,4,117269,214,1507,615,287,10624,50,16929,25,174678,10
3037,5/3/15,5,10,11,38,44,47,20,44,5,3,3,2,1,0,1,2,0,0,1,340846,107,2191,382,335,7323,50,11078,25,142215,10
3036,2/3/15,7,12,24,27,35,44,20,,,3,3,1,1,2,1,1,0,0,4,62897,150,1154,368,257,6909,50,9702,25,113721,10
3035,27/2/15,2,13,19,28,41,42,14,,,3,3,1,2,1,0,2,2,6033861,14,122673,699,1690,1621,398,36111,50,47580,25,657272,10
3034,23/2/15,1,5,14,18,24,26,29,,,2,4,2,2,2,0,0,3,539834,2,304973,199,1178,398,322,9571,50,11420,25,161539,10
3033,19/2/15,2,17,22,36,37,45,23,"22,36,37",,3,3,1,1,1,2,1,1,1277739,0,0,104,1779,233,433,4942,50,6869,25,93260,10
3032,16/2/15,19,22,33,36,37,46,8,,,3,3,0,1,1,3,1,2,3779120,6,106861,241,1830,571,422,12199,50,17348,25,225702,10
3031,12/2/15,12,13,26,32,42,47,39,32,12,2,4,0,2,1,1,2,0,0,4,102665,123,2296,333,463,7863,50,10539,25,149659,10
3030,9/2/15,4,15,22,31,32,36,6,31,,2,4,1,1,1,3,0,0,0,5,62100,116,1841,291,401,6006,50,9267,25,113319,10
3029,5/2/15,8,10,25,31,45,48,2,8,,3,3,2,0,1,1,2,0,0,3,76297,94,1675,248,347,4376,50,7392,25,85670,10
3028,2/2/15,8,18,20,29,39,41,38,,,3,3,1,2,1,1,1,5,883973,10,42443,399,732,606,263,12688,50,13386,25,191186,10
3027,29/1/15,6,15,38,40,45,49,27,6,,3,3,1,1,0,2,2,0,0,1,506072,73,2700,210,512,4627,50,6821,25,93772,10
3026,26/1/15,6,23,24,30,36,46,31,,,1,5,1,0,3,1,1,0,0,0,0,65,2322,162,509,4044,50,5460,25,79012,10
3025,22/1/15,5,12,26,31,40,47,25,31,,3,3,1,1,1,2,1,1,1000000,2,105158,96,1507,200,395,4241,50,6197,25,78576,10
3024,19/1/15,21,24,25,31,33,36,13,33,,4,2,0,0,3,3,0,2,2086876,4,100340,169,1633,452,333,7477,50,12150,25,139453,10
3023,15/1/15,2,3,9,16,33,37,46,,,4,2,3,1,0,2,0,0,0,1,262285,112,1610,188,524,6362,50,5726,25,120123,10
3022,12/1/15,25,32,41,43,47,48,7,,,4,2,0,0,1,1,4,0,0,2,107522,76,1946,144,560,3295,50,4743,25,62580,10
3021,8/1/15,5,7,9,15,34,38,21,34,,4,2,3,1,0,2,0,1,2318625,2,244066,190,968,342,294,7973,50,10083,25,136200,10
3020,5/1/15,1,22,27,34,35,37,20,1,,4,2,1,0,2,3,0,0,0,0,0,76,1997,189,438,3732,50,5298,25,72601,10
3019,1/1/15,1,4,18,31,48,49,21,"1,4",1,3,3,2,1,0,1,2,1,2414115,2,144153,121,1639,277,391,5904,50,7801,25,112138,10
3018,29/12/14,1,4,27,42,44,47,18,"1,42",,3,3,2,0,1,0,3,0,0,1,219930,71,2130,184,449,3722,50,4994,25,69300,10
3017,25/12/14,1,5,15,24,25,42,46,5,25,4,2,2,1,2,0,1,1,2300345,2,131515,214,846,229,431,9141,50,6115,25,137043,10
3016,22/12/14,5,10,19,32,38,44,12,,,2,4,2,1,0,2,1,0,0,2,110628,72,2113,242,343,4500,50,8281,25,83535,10
3015,18/12/14,9,11,13,21,27,30,42,,,5,1,1,2,3,0,0,1,2285963,1,262007,235,767,373,264,10172,50,9079,25,149334,10
3014,15/12/14,5,12,16,22,26,46,23,26,,1,5,1,2,2,0,1,0,0,1,219249,97,1554,267,308,5541,50,7409,25,96007,10
3013,11/12/14,19,26,33,37,38,40,12,,,3,3,0,1,1,4,0,1,2332277,3,87537,77,2345,334,295,4830,50,8804,25,88444,10
3012,8/12/14,17,21,28,29,39,47,46,17,,5,1,0,1,3,1,1,0,0,1,228397,58,2708,186,461,4047,50,4674,25,78909,10
3011,4/12/14,10,17,24,31,37,40,35,,,3,3,1,1,1,3,0,1,2612587,2,143336,119,1657,258,417,6490,50,7472,25,114489,10
3010,1/12/14,1,6,7,23,30,45,16,,1,4,2,3,0,2,0,1,0,0,5,52670,185,979,462,214,9267,50,10695,25,141206,10
3009,27/11/14,5,9,18,28,44,49,24,,,3,3,2,1,1,0,2,0,0,3,2273867,201,1715,558,337,11733,50,15486,25,211913,10
3008,24/11/14,4,6,14,20,36,43,35,36,,1,5,2,2,0,1,1,0,0,8,43349,176,1355,430,303,8716,50,10660,25,147735,10
3007,20/11/14,2,3,5,19,25,36,16,2,,4,2,3,1,1,1,0,0,0,11,23758,146,1231,445,221,7346,50,9266,25,123668,10
3006,17/11/14,2,10,11,15,40,46,8,15,,2,4,2,2,0,1,1,0,0,2,110596,90,1690,317,262,4378,50,9370,25,86466,10
3005,13/11/14,9,15,17,23,27,49,3,,,6,0,1,2,2,0,1,1,6410229,8,65890,290,1250,681,291,12558,50,18777,25,222901,10
3004,10/11/14,2,16,19,29,33,42,34,2,,3,3,1,2,1,1,1,0,0,3,117281,145,1669,286,462,6671,50,8275,25,126240,10
3003,6/11/14,2,22,24,38,46,47,9,"38,47",,1,5,1,0,2,1,2,0,0,3,84424,55,3166,192,495,3824,50,5943,25,77852,10
3002,3/11/14,31,32,38,39,40,47,7,,,3,3,0,0,0,5,1,0,0,4,135849,81,1845,184,443,3530,50,5164,25,63863,10
3001,30/10/14,12,19,26,42,45,46,23,42,,2,4,0,2,1,0,3,1,3712096,0,0,121,1853,288,425,6012,50,8760,25,113081,10
3000,27/10/14,5,20,27,38,42,44,41,5,27,2,4,1,1,1,1,2,0,0,1,455390,92,1900,199,480,4967,50,5927,25,95542,10
2999,23/10/14,5,22,25,28,33,34,32,,,3,3,1,0,3,2,0,0,0,0,0,64,2162,178,424,4705,50,5774,25,81579,10
2998,20/10/14,8,11,17,21,41,49,35,,,5,1,1,2,1,0,2,1,3803159,3,115464,166,1435,350,372,8404,50,9021,25,148908,10
2997,16/10/14,4,9,31,34,40,44,35,31,,2,4,2,0,0,3,1,0,0,2,119110,83,1974,216,414,5635,50,5731,25,90370,10
2996,13/10/14,19,28,31,43,45,48,41,28,,4,2,0,1,1,1,3,0,0,1,216057,61,2436,108,751,3414,50,4846,25,69704,10
2995,9/10/14,11,12,25,28,34,47,15,"12,25,34",,3,3,0,2,2,1,1,1,2085106,1,280122,95,2028,239,440,5400,50,7553,25,102478,10
2994,6/10/14,5,12,13,25,33,34,45,,,4,2,1,2,1,2,0,0,0,6,49540,214,1389,466,638,11441,30,12899,20,,
2993,2/10/14,1,6,26,40,41,45,10,,,3,3,2,0,1,1,2,1,3023700,12,47106,393,1439,1412,401,20267,30,34518,20,,
2992,29/9/14,8,13,21,22,28,37,12,21,,3,3,1,1,3,1,0,0,0,11,34364,339,1116,898,421,15289,30,23420,20,,
2991,25/9/14,12,15,21,26,29,36,7,"29,36",,3,3,0,2,3,1,0,0,0,9,27544,187,1326,618,402,8832,30,14906,20,,
2990,22/9/14,9,17,18,27,29,36,31,,,4,2,1,2,2,1,0,2,327955,11,23490,402,643,583,444,13487,30,13876,20,,
2989,18/9/14,2,6,10,20,21,23,42,6,,2,4,3,1,2,0,0,2,780962,4,88594,389,911,566,627,17301,30,15074,20,,
2988,15/9/14,5,6,14,22,30,39,18,,,2,4,2,1,2,1,0,0,0,5,52186,241,1083,540,484,11611,30,13607,20,,
2987,11/9/14,2,13,18,19,33,36,23,,,3,3,1,3,0,2,0,1,643822,2,126814,180,1410,519,489,8725,30,14112,20,,
2986,8/9/14,3,14,22,30,37,42,41,42,,2,4,1,1,2,1,1,1,1636531,17,23058,227,1727,645,608,11101,30,15977,20,,
2985,4/9/14,15,16,17,27,31,42,30,,,4,2,0,3,1,1,1,0,0,4,63182,180,1405,409,618,8119,30,11233,20,,
2984,1/9/14,4,9,32,37,40,44,10,,,2,4,2,0,0,3,1,2,819487,7,55539,246,1581,742,524,12879,30,18166,20,,
2983,28/8/14,13,19,20,24,39,43,17,20,,4,2,0,3,1,1,1,0,0,3,85629,142,1810,338,761,7327,30,10902,20,,
2982,25/8/14,10,11,14,20,40,42,8,42,,1,5,1,3,0,1,1,2,344757,6,45272,238,1142,879,310,10926,30,21035,20,,
2981,21/8/14,3,4,16,18,19,42,13,"16,18,19",,2,4,2,3,0,0,1,1,667079,4,65698,186,1413,446,590,9015,30,12329,20,,
2980,18/8/14,16,18,19,21,37,39,32,"16,19",18,4,2,0,3,1,2,0,2,868456,9,46280,310,1344,676,617,14015,30,16930,20,,
2979,14/8/14,15,16,19,32,34,44,41,,,2,4,0,3,0,2,1,0,0,5,53544,118,2269,400,670,7170,30,10064,20,,
2978,11/8/14,1,7,9,24,25,31,28,,,5,1,3,0,2,1,0,2,364593,13,22097,314,915,860,335,14117,30,20891,20,,
2977,7/8/14,3,4,8,17,19,33,9,3,,4,2,3,2,0,1,0,1,1687597,22,18386,362,1118,2095,194,18007,30,47840,20,,
2976,4/8/14,3,7,18,30,37,44,17,"3,37",,3,3,2,1,1,1,1,0,0,9,28925,220,1184,687,379,10878,30,14359,20,,
2975,1/8/14,3,17,37,40,41,42,15,,,4,2,1,1,0,2,2,2,2504965,20,61257,885,1385,2254,544,41806,30,54633,20,,
2974,28/7/14,11,12,16,22,23,27,10,16,,3,3,0,3,3,0,0,2,375822,14,21151,312,950,1101,269,14295,30,21730,20,,
2973,24/7/14,1,5,16,34,38,45,13,,,3,3,2,1,0,2,1,1,651117,8,32063,155,1655,483,532,7665,30,11332,20,,
2972,21/7/14,21,22,25,32,33,36,40,,21,3,3,0,0,3,3,0,2,839405,11,36321,360,1110,710,563,15915,30,17100,20,,
2971,17/7/14,6,11,20,28,35,38,34,6,,2,4,1,2,1,2,0,0,0,2,130910,201,1303,358,732,9115,30,10132,20,,
2970,14/7/14,2,3,6,19,23,24,31,,,3,3,3,1,2,0,0,6,114636,7,38708,367,739,801,339,15482,30,17218,20,,
2969,10/7/14,5,11,16,32,37,43,15,,,4,2,1,2,0,2,1,2,824504,6,63747,296,1293,683,560,13020,30,19886,20,,
2968,7/7/14,9,21,29,38,44,45,10,,,4,2,1,0,2,1,2,0,0,7,38162,130,2055,399,670,8084,30,11614,20,,
2967,3/7/14,8,24,26,28,40,43,29,,,1,5,1,0,3,1,1,1,644725,3,84661,172,1477,431,590,8405,30,11520,20,,
2966,30/6/14,2,9,11,12,22,37,26,,,3,3,2,2,1,1,0,2,335781,8,33070,339,781,775,342,14187,30,17410,20,,
2965,26/6/14,17,25,29,34,39,44,38,29,,4,2,0,1,2,2,1,1,1619969,7,53816,235,1603,508,742,11205,30,14242,20,,
2964,23/6/14,4,29,30,35,37,38,10,4,,3,3,1,0,2,3,0,0,0,3,87155,154,1698,392,667,6877,30,11213,20,,
2963,19/6/14,4,7,11,27,39,43,37,,,5,1,2,1,1,1,1,1,640561,14,18025,272,928,656,385,12020,30,13915,20,,
2962,16/6/14,1,19,22,31,34,44,43,31,,3,3,1,1,1,2,1,1,3230567,10,60797,389,1563,954,638,19693,30,27085,20,,
2961,12/6/14,8,13,29,31,39,40,21,40,,4,2,1,1,1,3,0,0,0,6,66032,235,1686,736,539,13136,30,18705,20,,
2960,9/6/14,10,12,14,26,33,40,6,,,1,5,1,2,1,2,0,0,0,8,33562,241,1115,737,365,9807,30,20100,20,,
2959,5/6/14,11,13,18,19,20,36,15,19,,3,3,0,5,0,1,0,1,3224963,14,43556,533,1145,1408,434,23169,30,32463,20,,
2958,2/6/14,9,19,23,35,39,45,41,19,,6,0,1,1,1,2,1,0,0,6,68170,327,1251,700,585,15488,30,17460,20,,
2957,29/5/14,17,19,38,40,41,42,28,17,,3,3,0,2,0,2,2,0,0,3,83881,159,1583,360,699,7105,30,9330,20,,
2956,26/5/14,8,10,14,17,34,37,32,,,2,4,2,2,0,2,0,1,621686,5,48982,166,1476,388,632,8813,30,10201,20,,
2955,23/5/14,1,7,13,24,28,38,32,,,3,3,2,1,2,1,0,4,1437781,27,43229,913,1279,2313,505,45273,30,54067,20,,
2954,19/5/14,5,8,18,31,32,42,34,"5,8",,2,4,2,1,0,2,1,0,0,4,71726,239,1201,460,624,11753,30,12161,20,,
2953,15/5/14,5,8,21,26,27,43,15,43,,4,2,2,0,3,0,1,2,329265,6,43237,201,1291,935,278,10919,30,20057,20,,
2952,12/5/14,2,3,9,23,28,43,41,,,4,2,3,0,2,0,1,1,1665655,9,44073,500,794,790,503,22679,30,17461,20,,
2951,8/5/14,1,11,18,32,34,41,45,,,3,3,1,2,0,2,1,0,0,2,129757,133,1952,337,771,8207,30,9980,20,,
2950,5/5/14,4,7,15,27,37,42,3,,,4,2,2,1,1,1,1,1,689100,6,45244,222,1223,610,446,10409,30,15653,20,,
2949,1/5/14,6,10,11,13,29,45,23,"6,13",,4,2,2,2,1,0,1,1,670270,4,66012,220,1201,657,402,11410,30,15798,20,,
2948,28/4/14,4,6,13,17,32,35,11,,,3,3,2,2,0,2,0,1,690223,5,54382,201,1353,603,451,10139,30,16317,20,,
2947,24/4/14,5,8,20,27,39,40,42,,,3,3,2,1,1,2,0,2,810109,7,52988,296,1254,641,579,14190,30,16559,20,,
2946,21/4/14,3,7,10,21,32,38,22,21,21,3,3,3,0,1,2,0,0,0,3,89119,237,1129,571,469,11,30,15,20,,
2945,17/4/14,8,11,16,21,33,40,5,21,,3,3,1,2,1,2,0,2,329678,10,25975,215,1209,744,350,9,30,17,20,,
2944,14/4/14,15,18,21,27,32,45,11,18,,4,2,0,2,2,1,1,4,417987,16,24599,347,1135,747,527,13,30,19,20,,
2943,10/4/14,14,18,19,34,35,36,17,,,2,4,0,3,0,3,0,0,0,5,53016,167,1588,475,559,8,30,11,20,,
2942,7/4/14,5,12,20,25,26,39,1,,,3,3,1,2,2,1,0,5,335474,12,33215,394,1012,889,449,17,30,23,20,,
2941,3/4/14,10,11,17,19,27,37,24,"10,11",,5,1,1,3,1,1,0,0,0,2,131106,292,898,592,443,13,30,14,20,,
2940,31/3/14,5,10,11,23,41,43,24,5,,5,1,2,1,1,0,2,1,714626,5,56304,195,1444,528,534,10,30,13,20,,
2939,27/3/14,5,8,9,15,16,21,26,16,,4,2,3,2,1,0,0,7,235070,18,20957,615,614,1,303,23,30,24,20,,
2938,24/3/14,1,4,10,16,36,42,44,,,1,5,3,1,0,1,1,0,0,7,38715,192,1412,451,601,9,30,10,20,,
2937,20/3/14,3,7,11,21,25,33,39,,,6,0,2,1,2,1,0,1,653412,5,51481,295,873,571,451,13,30,12,20,,
2936,17/3/14,1,8,14,28,32,38,5,,,1,5,2,1,1,2,0,2,341121,5,53753,258,1042,702,383,11,30,16,20,,
2935,13/3/14,3,7,20,36,39,45,6,,,4,2,2,1,0,2,1,2,343102,8,33791,270,1002,621,436,9,30,16,20,,
2934,10/3/14,13,15,21,29,31,33,5,29,,6,0,0,2,2,2,0,2,362223,7,40770,256,1115,785,364,10,30,16,20,,
2933,6/3/14,4,7,8,24,29,42,26,"4,29",,2,4,3,0,2,0,1,2,1625027,13,44864,643,908,1,378,27,30,34,20,,
2932,3/3/14,2,4,18,29,30,44,21,44,,1,5,2,1,2,0,1,0,0,10,41429,319,1299,776,534,13,30,17,20,,
2931,27/2/14,13,33,37,40,41,44,10,13,,4,2,0,1,0,3,2,0,0,2,141408,148,1911,389,728,7,30,10,20,,
2930,24/2/14,5,13,15,16,21,28,34,15,,4,2,1,3,2,0,0,3,248177,6,48884,290,1012,535,549,13,30,13,20,,
2929,20/2/14,14,15,20,23,33,44,34,,20,3,3,0,3,1,1,1,2,368415,10,29027,201,1445,460,632,9,30,11,20,,
2928,17/2/14,1,4,5,12,30,45,9,"4,12",,3,3,3,1,1,0,1,2,423129,19,17547,365,914,1,207,16,30,32,20,,
2927,14/2/14,4,6,12,20,29,35,31,4,,2,4,2,2,1,1,0,6,1668188,51,47962,1,1302,4,516,93,30,118,20,,
2926,10/2/14,4,10,15,17,22,31,11,22,10,3,3,2,2,1,1,0,3,943130,15,42000,474,1330,1,355,25,30,42,20,,
2925,6/2/14,5,14,22,27,40,43,4,"14,22",,3,3,1,1,2,1,1,0,0,6,80770,314,1544,866,560,16,30,23,20,,
2924,3/2/14,6,14,22,31,36,44,32,,,1,5,1,1,1,2,1,1,1210550,5,95377,347,1375,821,581,16,30,20,20,,
2923,30/1/14,5,12,20,32,37,38,26,,,2,4,1,2,0,3,0,2,1130338,13,40846,426,1247,1,516,19,30,25,20,,
2922,27/1/14,6,24,27,29,40,43,4,43,27,3,3,1,0,3,1,1,0,0,1,359583,200,1798,681,529,11,30,18,20,,
2921,24/1/14,2,8,11,16,36,43,19,36,,2,4,2,2,0,1,1,6,835792,27,51720,1,1228,2,499,52,30,72,20,,
2920,20/1/14,1,12,27,32,33,36,26,27,,3,3,1,1,1,3,0,1,850554,5,67014,221,1517,647,518,11,30,15,20,,
2919,16/1/14,26,27,34,39,41,45,28,45,,4,2,0,0,2,2,2,2,918705,9,48094,244,1774,600,722,12,30,17,20,,
2918,13/1/14,3,25,33,36,42,45,10,"33,36",,4,2,1,0,1,2,2,0,0,5,58198,169,1722,452,644,8,30,12,20,,
2917,9/1/14,4,7,8,33,36,43,9,,,3,3,3,0,0,2,1,1,1683738,14,29197,309,1323,1,377,14,30,28,20,,
2916,6/1/14,10,17,27,28,42,45,23,10,,3,3,1,1,2,0,2,0,0,3,84846,172,1480,448,569,8,30,11,20,,
2915,3/1/14,10,11,31,37,39,43,22,,,5,1,1,1,0,3,1,5,1004098,25,55554,1,1377,2,552,47,30,66,20,,
2914,30/12/13,14,17,27,28,32,36,41,,,2,4,0,2,2,2,0,1,1878361,8,58790,322,1461,827,569,16,30,20,20,,
2913,26/12/13,2,18,20,38,43,44,28,,,1,5,1,2,0,1,2,0,0,3,89881,151,1786,447,604,7,30,11,20,,
2912,23/12/13,3,5,9,23,25,31,14,,23,6,0,3,0,2,1,0,4,173791,15,18257,470,583,828,331,17,30,17,20,,
2911,19/12/13,8,11,15,27,32,43,6,27,,4,2,1,2,1,1,1,1,1696404,12,33191,271,1470,882,452,14,30,22,20,,
2910,16/12/13,14,17,25,27,28,40,9,,,3,3,0,2,3,1,0,0,0,4,67499,148,1825,498,543,8,30,14,20,,
2909,12/12/13,3,5,23,31,34,39,17,23,,5,1,2,0,1,3,0,1,1677952,6,66077,303,1309,789,503,13,30,20,20,,
2908,9/12/13,2,8,15,22,23,25,16,"15,23",,3,3,2,1,3,0,0,0,0,12,22047,297,891,773,343,13,30,16,20,,
2907,5/12/13,15,20,23,40,42,44,22,,,2,4,0,2,1,1,2,1,3224096,11,55565,422,1449,993,616,18,30,24,20,,
2906,2/12/13,1,13,16,22,27,33,38,,,4,2,1,2,2,1,0,0,0,5,81221,306,1328,930,437,15,30,21,20,,
2905,28/11/13,15,20,21,28,35,43,39,28,28,4,2,0,2,2,1,1,0,0,3,84262,139,1819,333,760,7,30,9,20,,
2904,25/11/13,4,17,24,28,41,42,43,,,2,4,1,1,2,0,2,1,673265,1,265226,178,1491,387,686,9,30,10,20,,
2903,21/11/13,8,9,12,18,22,32,6,22,,1,5,2,2,1,1,0,1,649285,7,36540,342,748,991,259,14,30,23,20,,
2902,18/11/13,5,7,13,19,22,45,18,5,,5,1,2,2,1,0,1,3,225867,3,88978,230,1161,639,418,11,30,16,20,,
2901,14/11/13,1,5,9,28,30,39,16,,,4,2,3,0,2,1,0,1,642469,2,126547,279,908,527,481,11,30,13,20,,
2900,11/11/13,8,13,16,26,29,42,40,"16,29",,2,4,1,2,2,0,1,1,1688126,13,31289,344,1183,625,651,14,30,16,20,,
2899,7/11/13,4,16,18,24,28,29,45,24,,1,5,1,2,3,0,0,0,0,2,129132,221,1169,359,720,9,30,10,20,,
2898,4/11/13,15,21,24,34,37,44,29,34,,3,3,0,1,2,2,1,1,682650,6,44821,145,1855,417,645,7,30,10,20,,
2897,31/10/13,2,6,10,27,31,34,20,31,31,2,4,3,0,1,2,0,1,1642156,14,27488,410,939,1,349,17,30,25,20,,
2896,28/10/13,1,11,22,28,31,32,8,"1,31",28,3,3,1,1,2,2,0,0,0,10,26209,233,1125,734,358,10,30,18,20,,
2895,24/10/13,1,16,31,38,39,45,8,45,,4,2,1,1,0,3,1,2,323476,3,84954,157,1624,443,576,6,30,12,20,,
2894,21/10/13,2,7,11,19,42,45,3,42,,4,2,2,2,0,0,2,1,686500,10,27044,219,1235,622,435,10,30,15,20,,
2893,17/10/13,12,16,28,30,31,42,36,,,1,5,0,2,2,1,1,1,661022,1,260403,226,1153,393,663,9,30,10,20,,
2892,14/10/13,1,6,11,23,37,44,19,44,,4,2,2,1,1,1,1,2,348914,2,137451,178,1545,533,516,9,30,14,20,,
2891,10/10/13,12,13,17,25,34,44,29,44,,3,3,0,3,1,1,1,1,1718479,6,65572,229,1719,662,595,12,30,17,20,,
2890,7/10/13,8,22,32,36,39,44,4,,,1,5,1,0,1,3,1,0,0,6,47258,166,1709,453,626,8,30,11,20,,
2889,3/10/13,2,19,21,24,25,41,29,25,,4,2,1,1,3,0,1,1,675325,1,266038,177,1504,415,642,8,30,12,20,,
2888,30/9/13,4,12,25,26,36,40,39,,,1,5,1,1,2,2,0,1,3418232,16,41598,499,1334,1,423,25,30,34,20,,
2887,26/9/13,6,14,15,27,31,32,16,,,3,3,1,2,1,2,0,0,0,8,50753,255,1593,678,599,13,30,17,20,,
2886,23/9/13,1,16,18,21,36,41,7,,,3,3,1,2,1,1,1,0,0,7,39286,169,1628,491,561,8,30,13,20,,
2885,19/9/13,3,7,9,14,19,35,20,,19,5,1,3,2,0,1,0,3,1146469,18,36575,757,870,1,359,36,30,44,20,,
2884,16/9/13,1,11,13,15,21,22,33,,,5,1,1,3,2,0,0,0,0,16,27364,398,1101,1,368,19,30,24,20,,
2883,12/9/13,2,5,9,17,31,44,4,44,,4,2,3,1,0,1,1,0,0,6,43129,211,1227,660,393,10,30,17,20,,
2882,9/9/13,6,8,23,28,41,44,24,"8,41",,2,4,2,0,2,0,2,2,1698563,12,55722,492,1360,1,570,23,30,31,20,,
2881,5/9/13,8,19,20,27,41,45,21,"41,45",,4,2,1,2,1,0,2,0,0,4,97584,273,1430,571,684,12,30,17,20,,
2880,2/9/13,7,21,29,31,41,45,9,7,,6,0,1,0,2,1,2,0,0,8,34908,163,1714,623,449,8,30,16,20,,
2879,29/8/13,7,8,13,14,28,44,16,7,,2,4,2,2,1,0,1,3,220740,7,37268,281,929,659,396,12,30,14,20,,
2878,26/8/13,4,7,11,22,29,38,6,38,,3,3,2,1,2,1,0,1,1755704,9,47525,443,966,1,355,20,30,28,20,,
2877,22/8/13,15,16,30,34,38,42,1,30,,1,5,0,2,1,2,1,0,0,4,65980,131,2015,336,786,7,30,9,20,,
2876,19/8/13,14,19,26,30,41,45,38,"19,26",19,3,3,0,2,2,0,2,1,692164,6,45446,179,1524,412,662,7,30,10,20,,
2875,15/8/13,6,7,19,26,31,33,35,,,4,2,2,1,1,2,0,2,339235,3,89092,249,1074,473,566,11,30,12,20,,
2874,12/8/13,10,12,14,28,36,40,34,,12,0,6,1,2,1,2,0,2,1637144,14,46697,468,1397,1,534,23,30,30,20,,
2873,8/8/13,18,25,27,33,42,43,23,,,4,2,0,1,2,1,2,0,0,9,43012,255,1519,681,569,11,30,17,20,,
2872,5/8/13,1,11,24,31,32,36,38,36,,3,3,1,1,1,3,0,0,0,4,62254,142,1754,353,706,7,30,10,20,,
2871,2/8/13,9,26,33,36,38,42,1,9,,2,4,1,0,1,3,1,1,5018838,19,60519,791,1454,2,566,40,30,50,20,,
2870,29/7/13,9,12,22,23,31,37,17,,,4,2,1,1,2,2,0,1,734626,13,22262,293,988,989,293,12,30,19,20,,
2869,25/7/13,1,11,25,39,41,44,2,,25,5,1,1,1,1,1,2,1,658709,2,129746,154,1685,389,668,7,30,10,20,,
2868,22/7/13,15,19,23,31,40,45,34,45,,5,1,0,2,1,2,1,2,854013,6,69634,311,1344,632,662,12,30,17,20,,
2867,18/7/13,6,25,28,43,44,45,42,45,,3,3,1,0,2,0,3,0,0,5,51011,146,1747,461,554,7,30,11,20,,
2866,15/7/13,10,11,19,22,34,45,31,10,,3,3,1,2,1,1,1,1,681142,9,29815,159,1688,564,476,9,30,12,20,,
2865,11/7/13,9,10,14,15,18,42,31,"9,14,18",,2,4,2,3,0,0,1,1,660059,3,86675,195,1334,399,652,9,30,11,20,,
2864,8/7/13,9,14,18,20,32,34,45,,,1,5,1,3,0,2,0,2,352263,7,39649,291,954,509,546,11,30,11,20,,
2863,4/7/13,7,23,27,35,41,43,29,35,,6,0,1,0,2,1,2,1,1777076,8,52762,284,1487,642,658,14,30,18,20,,
2862,1/7/13,2,12,15,28,35,38,41,12,,2,4,1,2,1,2,0,0,0,4,69493,208,1337,432,644,9,30,10,20,,
2861,27/6/13,12,19,21,22,26,29,39,,,3,3,0,2,4,0,0,5,649667,11,57301,862,732,1,483,30,30,31,20,,
2860,24/6/13,15,17,32,36,37,42,44,37,,3,3,0,2,0,3,1,0,0,5,80462,216,1863,534,754,12,30,15,20,,
2859,20/6/13,4,5,11,26,37,45,39,5,,4,2,2,1,1,1,1,0,0,3,82345,176,1404,347,712,8,30,9,20,,
2858,17/6/13,5,16,30,32,33,41,14,,,3,3,1,1,1,2,1,1,1721590,8,52492,273,1539,845,497,14,30,20,20,,
2857,13/6/13,7,11,25,36,37,38,35,"11,38",,4,2,1,1,1,3,0,0,0,8,32284,172,1502,431,600,8,30,11,20,,
2856,10/6/13,11,13,23,29,31,38,21,11,,5,1,0,2,2,2,0,1,677548,5,53383,230,1161,686,390,10,30,15,20,,
2855,6/6/13,11,14,16,30,32,34,19,16,,1,5,0,3,1,2,0,3,1120632,15,42844,514,1251,1,601,21,30,27,20,,
2854,3/6/13,2,16,18,19,25,38,23,,,2,4,1,3,1,1,0,0,0,5,85178,252,1691,853,500,15,30,21,20,,
2853,30/5/13,4,9,26,27,37,44,12,9,,3,3,2,0,2,1,1,0,0,1,255837,156,1640,467,548,8,30,13,20,,
2852,27/5/13,9,13,18,19,23,28,1,"13,19",,4,2,1,3,2,0,0,2,335411,13,20328,299,884,820,323,13,30,18,20,,
2851,23/5/13,7,13,17,19,20,26,5,7,,4,2,1,4,1,0,0,1,628846,19,13039,306,810,1,196,11,30,24,20,,
2850,20/5/13,1,7,10,23,25,35,18,,,5,1,3,0,2,1,0,2,307597,9,26928,236,1027,637,381,10,30,14,20,,
2849,17/5/13,8,14,22,30,34,41,1,,,1,5,1,1,2,1,1,2,2505073,21,53842,865,1308,2,562,40,30,52,20,,
2848,13/5/13,1,5,7,24,27,45,3,24,,5,1,3,0,2,0,1,1,750329,3,98529,314,942,930,318,13,30,22,20,,
2847,9/5/13,2,12,22,24,31,34,10,"22,34",,1,5,1,1,2,2,0,1,659319,7,37105,150,1732,584,445,9,30,14,20,,
2846,6/5/13,4,9,14,19,22,34,35,22,,2,4,2,2,1,1,0,2,835165,7,57403,374,1075,753,534,17,30,18,20,,
2845,2/5/13,1,12,20,22,31,43,27,22,,3,3,1,2,1,1,1,0,0,6,42699,190,1349,526,488,9,30,13,20,,
2844,29/4/13,4,15,17,19,22,23,26,17,,4,2,1,3,2,0,0,1,1665823,11,36547,326,1234,878,458,15,30,21,20,,
2843,25/4/13,3,12,17,27,28,43,45,,,4,2,1,2,2,0,1,0,0,3,84743,226,1125,394,646,10,30,10,20,,
2842,22/4/13,6,11,22,31,36,41,5,11,22,3,3,1,1,1,2,1,1,674573,8,33218,201,1323,618,430,9,30,16,20,,
2841,18/4/13,1,11,13,24,26,44,5,26,,3,3,1,2,2,0,1,1,1638126,9,41963,295,1281,823,459,13,30,23,20,,
2840,15/4/13,10,26,27,32,38,42,11,27,,1,5,1,0,2,2,1,0,0,6,44611,195,1373,533,503,8,30,12,20,,
2839,11/4/13,2,3,15,27,41,45,17,,,5,1,2,1,1,0,2,1,658029,6,43204,179,1449,436,595,7,30,11,20,,
2838,8/4/13,12,20,28,31,32,40,27,,,1,5,0,2,1,3,0,3,229546,3,90428,240,1131,484,561,9,30,12,20,,
2837,4/4/13,16,19,22,27,36,39,12,,,3,3,0,2,2,2,0,2,330904,2,130357,208,1254,567,460,8,30,14,20,,
2836,1/4/13,8,10,15,21,28,40,26,,,2,4,2,1,2,1,0,2,353736,7,39815,262,1064,714,391,12,30,16,20,,
2835,28/3/13,24,30,33,35,37,38,17,38,,3,3,0,0,2,4,0,1,667493,3,87651,182,1445,397,663,8,30,11,20,,
2834,25/3/13,22,23,38,41,44,45,39,"38,45",,3,3,0,0,2,1,3,1,1695961,3,136100,234,1745,686,596,11,30,16,20,,
2833,21/3/13,3,31,35,36,38,45,29,,,4,2,1,0,0,4,1,0,0,4,64952,203,1280,421,618,9,30,10,20,,
2832,18/3/13,2,6,8,23,27,39,4,8,,3,3,3,0,2,1,0,3,234592,4,69312,259,1071,736,377,11,30,18,20,,
2831,14/3/13,8,9,13,16,22,43,24,,,3,3,2,2,1,0,1,2,340513,12,22357,288,932,646,416,12,30,15,20,,
2830,11/3/13,2,3,14,15,33,40,45,,,3,3,2,2,0,2,0,1,738421,4,72724,185,1573,482,604,9,30,12,20,,
2829,7/3/13,16,20,22,25,26,27,18,20,,2,4,0,2,4,0,0,1,717357,11,25691,293,965,790,358,11,30,15,20,,
2828,4/3/13,1,11,14,20,23,36,27,1,,3,3,1,3,1,1,0,2,946237,15,30202,331,1369,819,554,15,30,21,20,,
2827,28/2/13,1,10,15,34,38,41,25,10,,3,3,2,1,0,2,1,0,0,6,48750,168,1742,465,630,8,30,12,20,,
2826,25/2/13,5,6,10,21,26,37,1,,,3,3,3,0,2,1,0,1,845525,7,47584,280,1190,875,381,14,30,21,20,,
2825,22/2/13,16,18,23,25,29,34,26,,,3,3,0,2,3,1,0,9,1113611,48,51397,1,1384,4,508,87,30,118,20,,
2824,18/2/13,4,8,14,24,31,35,45,31,,2,4,2,1,1,2,0,2,736791,10,58051,419,1386,1,567,21,30,26,20,,
2823,14/2/13,6,25,28,31,38,44,23,,,2,4,1,0,2,2,1,1,1023160,5,80613,275,1466,661,610,13,30,19,20,,
2822,11/2/13,1,4,15,18,33,42,38,,,3,3,2,2,0,1,1,2,470895,11,33729,350,1061,599,620,13,30,16,20,,
2821,8/2/13,8,10,11,25,27,43,2,,8,4,2,2,1,2,0,1,5,1002713,48,28919,1,1167,3,357,60,30,92,20,,
2820,4/2/13,7,9,16,24,39,40,18,,,3,3,2,1,1,2,0,1,868481,4,85533,289,1184,725,472,12,30,17,20,,
2819,31/1/13,3,5,36,37,42,43,17,,,4,2,2,0,0,2,2,2,354098,9,30999,168,1661,453,616,8,30,11,20,,
2818,28/1/13,22,23,27,29,32,38,16,38,,3,3,0,0,4,2,0,1,734364,4,72324,222,1304,559,518,9,30,13,20,,
2817,24/1/13,11,20,24,38,39,44,17,,24,2,4,0,2,1,2,1,1,689492,1,271618,165,1647,564,482,8,30,13,20,,
2816,21/1/13,3,4,6,29,33,35,41,,,4,2,3,0,1,2,0,1,710979,4,70021,248,1130,429,653,10,30,11,20,,
2815,17/1/13,7,10,24,26,27,31,20,,,3,3,2,0,3,1,0,5,349990,5,82281,392,1050,873,472,17,30,24,20,,
2814,14/1/13,13,23,30,36,40,43,41,43,,3,3,0,1,2,2,1,0,0,4,69493,177,1571,456,610,8,30,11,20,,
2813,10/1/13,4,21,26,38,41,43,16,"26,38",,3,3,1,0,2,1,2,2,340707,3,89479,174,1543,370,726,7,30,10,20,,
2812,7/1/13,11,12,16,22,26,38,31,,,1,5,0,3,2,1,0,1,723577,6,47508,280,1019,626,456,12,30,15,20,,
2811,3/1/13,19,30,35,42,44,45,1,"42,45",,3,3,0,1,1,1,3,1,1788125,6,67437,220,1840,611,663,11,30,16,20,,
2810,31/12/12,4,14,25,34,42,45,17,,,2,4,1,1,1,1,2,0,0,2,149896,201,1492,437,687,9,30,12,20,,
2809,27/12/12,17,20,22,30,36,37,16,,,2,4,0,2,2,2,0,2,352593,4,69451,218,1275,437,636,9,30,11,20,,
2808,24/12/12,7,10,11,12,16,42,8,42,,2,4,2,3,0,0,1,1,1809548,22,20260,490,910,2,217,24,30,39,20,,
2807,20/12/12,18,22,25,26,42,44,5,"26,44",,1,5,0,1,3,0,2,0,0,2,133576,133,2009,383,698,6,30,12,20,,
2806,17/12/12,9,20,24,26,40,44,22,26,,1,5,1,1,2,1,1,2,1667086,14,46986,445,1479,1,582,21,30,30,20,,
2805,13/12/12,8,12,15,26,33,42,2,"15,42",,2,4,1,2,1,1,1,0,0,15,25492,292,1310,969,395,15,30,28,20,,
2804,10/12/12,15,19,24,29,31,42,3,,,4,2,0,2,2,1,1,0,0,3,91096,169,1618,380,720,8,30,11,20,,
2803,6/12/12,3,6,10,13,23,27,17,27,6,4,2,3,1,2,0,0,1,655652,13,19869,310,834,953,272,14,30,18,20,,
2802,3/12/12,14,22,27,31,33,34,1,,,3,3,0,1,2,3,0,1,680245,3,89326,154,1741,433,619,8,30,10,20,,
2801,29/11/12,4,7,9,10,23,30,42,,,3,3,4,0,2,0,0,4,162386,9,28432,595,431,630,407,20,30,13,20,,
2800,26/11/12,2,12,17,29,34,39,23,,,3,3,1,2,1,2,0,5,135959,6,44633,238,1126,705,380,9,30,17,20,,
2799,22/11/12,1,3,13,22,24,42,41,22,22,3,3,2,1,2,0,1,2,323558,3,84975,199,1282,353,723,9,30,10,20,,
2798,19/11/12,11,15,22,30,32,33,19,30,,3,3,0,2,2,2,0,1,661203,9,28942,223,1169,615,424,9,30,15,20,,
2797,15/11/12,13,20,21,30,40,42,29,,,2,4,0,2,2,1,1,2,332035,2,130802,187,1399,404,648,8,30,10,20,,
2796,12/11/12,9,14,18,19,25,33,32,19,,4,2,1,3,1,1,0,1,696977,8,34321,226,1215,485,567,11,30,12,20,,
2795,8/11/12,3,7,19,38,41,43,12,,,5,1,2,1,0,1,2,2,340471,4,67063,222,1209,586,458,9,30,15,20,,
2794,5/11/12,4,9,13,17,20,29,40,13,,4,2,2,3,1,0,0,1,712219,6,46762,297,945,658,427,14,30,13,20,,
2793,1/11/12,10,13,15,27,34,41,31,15,,4,2,1,2,1,1,1,3,1137076,7,93600,413,1587,1,476,21,30,34,20,,
2792,29/10/12,14,15,21,24,25,36,42,21,,3,3,0,2,3,1,0,0,0,9,47832,289,1490,843,511,14,30,19,20,,
2791,25/10/12,9,17,21,28,37,40,30,28,,4,2,1,1,2,2,0,0,0,4,64534,184,1403,424,609,8,30,11,20,,
2790,22/10/12,12,14,18,23,28,41,1,,,2,4,0,3,2,0,1,1,3420274,14,48043,655,1027,1,526,28,30,36,20,,
2789,18/10/12,2,5,22,26,34,36,6,,,1,5,2,0,2,2,0,0,0,9,44793,209,1929,1,390,12,30,23,20,,
2788,15/10/12,1,17,31,37,38,45,26,,,5,1,1,1,0,3,1,0,0,3,90549,144,1887,368,739,8,30,10,20,,
2787,11/10/12,5,6,22,25,27,33,17,27,,4,2,2,0,3,1,0,5,695950,12,55892,669,1003,1,438,28,30,37,20,,
2786,8/10/12,11,14,17,18,27,32,35,,,3,3,0,4,1,1,0,0,0,12,36452,373,1173,881,497,17,30,20,20,,
2785,4/10/12,6,13,30,33,38,41,43,,,3,3,1,1,1,2,1,0,0,6,43783,154,1706,421,624,8,30,11,20,,
2784,1/10/12,3,7,8,16,21,24,26,,,3,3,3,1,2,0,0,1,699541,5,55116,343,804,822,336,14,30,17,20,,
2783,27/9/12,9,11,30,38,39,43,40,,,4,2,1,1,1,2,1,1,1719845,8,51264,340,1207,917,448,16,30,20,20,,
2782,24/9/12,5,7,10,34,36,37,32,37,,3,3,3,0,0,3,0,0,0,7,38201,241,1110,529,506,10,30,12,20,,
2781,20/9/12,13,20,22,25,33,37,41,,20,4,2,0,2,2,2,0,3,224281,3,88354,245,1082,458,579,9,30,11,20,,
2780,17/9/12,8,21,32,35,39,43,18,,,4,2,1,0,1,3,1,2,1762109,9,79170,477,1494,1,565,22,30,33,20,,
2779,13/9/12,3,14,17,22,31,44,9,,,3,3,1,2,1,1,1,0,0,10,40409,240,1684,770,525,13,30,23,20,,
2778,10/9/12,5,8,12,27,35,39,17,,,4,2,2,1,1,2,0,0,0,8,33966,226,1203,796,342,12,30,19,20,,
2777,6/9/12,4,7,9,11,21,45,27,,,5,1,3,1,1,0,1,4,165135,22,11828,541,481,1,207,20,30,20,20,,
2776,3/9/12,6,23,31,35,37,39,8,37,,5,1,1,0,1,4,0,1,1721327,6,70686,284,1494,798,532,14,30,21,20,,
2775,30/8/12,7,30,37,42,44,45,31,"7,42",30,3,3,1,0,1,1,3,0,0,4,63497,132,1925,413,615,7,30,10,20,,
2774,27/8/12,7,9,10,19,22,42,32,22,,3,3,3,1,1,0,1,1,671448,6,44085,292,906,529,501,14,30,13,20,,
2773,23/8/12,6,22,24,25,31,37,29,,,3,3,1,0,3,2,0,1,1690843,7,56804,277,1436,711,560,13,30,18,20,,
2772,20/8/12,10,20,26,28,41,44,15,26,20,1,5,1,1,2,0,2,0,0,2,134234,172,1561,435,618,7,30,11,20,,
2771,16/8/12,4,11,17,22,26,32,10,32,,2,4,1,2,2,1,0,1,651267,10,25656,255,1007,650,395,10,30,14,20,,
2770,13/8/12,20,27,32,40,41,44,22,41,,2,4,0,1,1,2,2,1,1721826,13,31950,246,1689,724,574,11,30,16,20,,
2769,9/8/12,1,4,6,12,25,41,16,,,3,3,3,1,1,0,1,0,0,5,52591,245,1074,953,276,13,30,18,20,,
2768,6/8/12,10,15,22,28,30,40,25,15,,1,5,1,1,3,1,0,2,346751,4,68300,177,1544,569,481,9,30,13,20,,
2767,2/8/12,4,8,12,15,23,27,26,,,3,3,2,2,2,0,0,3,220835,8,32624,409,639,763,343,17,30,16,20,,
2766,30/7/12,11,28,32,37,43,45,13,32,,4,2,0,1,1,2,2,1,681457,1,268453,129,2082,427,629,7,30,11,20,,
2765,26/7/12,1,8,22,25,32,36,34,1,,2,4,2,0,2,2,0,3,210529,1,248807,201,1238,367,678,9,30,9,20,,
2764,23/7/12,1,4,21,23,39,44,42,"4,39",23,4,2,2,0,2,1,1,1,617188,4,60784,105,2316,345,705,6,30,9,20,,
2763,20/7/12,4,31,33,37,39,45,41,33,,5,1,1,0,0,4,1,4,1255098,41,28253,718,1614,2,489,35,30,50,20,,
2762,16/7/12,5,12,17,18,33,40,15,,,3,3,1,3,0,2,0,2,882186,9,47811,330,1304,871,495,17,30,23,20,,
2761,12/7/12,2,3,19,21,23,45,25,45,,5,1,2,1,2,0,1,0,0,5,52952,176,1505,526,504,9,30,12,20,,
2760,9/7/12,9,16,22,26,33,45,43,33,9,3,3,1,1,2,1,1,2,350534,5,55236,203,1361,463,597,9,30,11,20,,
2759,5/7/12,29,33,34,37,42,44,17,29,,3,3,0,0,1,3,2,3,221112,4,65329,180,1452,394,664,7,30,10,20,,
2758,2/7/12,7,10,12,29,35,38,8,12,,3,3,2,1,1,2,0,1,704927,6,46284,195,1425,744,374,10955,30,19391,20,,
2757,28/6/12,12,15,16,21,25,26,8,,,3,3,0,3,3,0,0,11,62604,9,30143,357,760,755,360,12933,30,18314,20,,
2756,25/6/12,8,18,19,30,31,38,14,"8,18",,2,4,1,2,1,2,0,1,714151,7,40191,296,951,538,523,12235,30,12601,20,,
2755,21/6/12,6,8,10,14,18,21,43,8,21,1,5,3,2,1,0,0,10,170871,10,40138,919,437,889,452,29044,30,19724,20,,
2754,18/6/12,1,2,8,9,16,33,12,16,,3,3,4,1,0,1,0,0,0,13,20905,320,850,1189,229,15096,30,25755,20,,
2753,14/6/12,16,17,25,27,28,35,45,35,,4,2,0,2,3,1,0,2,1659061,13,48865,498,1276,1204,528,23426,30,28887,20,,
2752,11/6/12,1,3,9,11,35,38,6,,11,5,1,3,1,0,2,0,0,0,14,29508,349,1184,1636,253,19575,30,38731,20,,
2751,7/6/12,5,8,19,20,23,30,16,20,,3,3,2,2,2,0,0,0,0,8,32350,255,1015,785,330,13624,30,16964,20,,
2750,4/6/12,11,12,17,20,40,41,10,,,3,3,0,4,0,1,1,5,679703,37,18480,732,935,2250,304,29939,30,45172,20,,
2749,31/5/12,7,13,15,19,38,43,14,43,,5,1,1,3,0,1,1,0,0,2,197027,235,1677,578,682,12314,30,16618,20,,
2748,28/5/12,5,8,17,22,35,43,1,22,,4,2,2,1,1,1,1,0,0,14,18645,229,1140,561,466,10497,30,14150,20,,
2747,24/5/12,13,22,30,31,34,38,6,34,,2,4,0,1,2,3,0,1,638845,6,41945,162,1554,483,522,8230,30,13200,20,,
2746,21/5/12,4,7,27,34,36,42,11,,,2,4,2,0,1,2,1,1,629653,6,41341,158,1570,610,407,8920,30,14813,20,,
2745,18/5/12,9,17,18,32,33,44,4,,18,3,3,1,2,0,2,1,5,1163578,25,52687,1145,1151,2978,443,51524,30,72832,20,,
2744,14/5/12,8,14,22,24,29,41,43,"8,22",14,2,4,1,1,3,0,1,0,0,2,156457,191,1639,469,668,11434,30,12387,20,,
2743,10/5/12,8,9,11,20,22,38,5,8,,2,4,2,2,1,1,0,1,1741095,17,24129,417,984,1587,259,18937,30,37881,20,,
2742,7/5/12,8,12,28,29,32,42,24,,,1,5,1,1,2,1,1,0,0,7,39387,239,1154,754,366,11185,30,16941,20,,
2741,3/5/12,2,3,9,13,14,39,8,,3,4,2,3,2,0,1,0,3,1091717,19,33895,583,1105,1951,331,28997,30,45708,20,,
2740,30/4/12,5,15,29,36,37,45,25,,,5,1,1,1,1,2,1,0,0,8,49530,308,1287,869,456,13346,30,21126,20,,
2739,26/4/12,4,9,14,26,30,43,12,9,26,2,4,2,1,2,0,1,0,0,7,35711,223,1121,736,340,9978,30,18133,20,,
2738,23/4/12,1,9,10,15,17,34,19,"9,15",,4,2,3,2,0,1,0,1,659535,10,25982,224,1160,914,285,10802,30,18097,20,,
2737,19/4/12,9,15,18,21,26,30,39,,,3,3,1,2,3,0,0,2,313747,5,49439,315,785,456,543,11598,30,10964,20,,
2736,16/4/12,1,11,27,37,43,44,12,,,5,1,1,1,1,1,2,1,674482,1,265705,150,1772,361,737,7621,30,12259,20,,
2735,12/4/12,22,31,34,36,38,39,43,,,2,4,0,0,1,5,0,1,642798,7,36175,140,1809,436,581,7248,30,9856,20,,
2734,9/4/12,1,2,19,24,42,45,32,,,3,3,2,1,1,0,2,1,683356,4,67301,156,1726,414,651,8575,30,10570,20,,
2733,5/4/12,12,13,17,36,43,44,41,44,,3,3,0,3,0,1,2,1,1705334,9,74645,254,1574,728,550,12500,30,18551,20,,
2732,2/4/12,1,18,21,31,42,44,28,1,,3,3,1,1,1,1,2,0,0,0,0,135,2016,430,633,7552,30,11108,20,,
2731,29/3/12,1,19,33,36,37,40,5,40,,4,2,1,1,0,4,0,2,329576,4,64917,122,2129,389,668,6898,30,10467,20,,
2730,26/3/12,2,4,5,15,30,40,1,,,2,4,3,1,1,1,0,2,827092,11,35741,421,934,1102,357,16403,30,27272,20,,
2729,22/3/12,7,12,21,34,39,42,14,,,3,3,1,1,1,2,1,0,0,2,129252,156,1658,482,537,9058,30,12566,20,,
2728,19/3/12,6,8,13,19,23,29,44,8,19,4,2,2,2,2,0,0,2,344942,6,45296,337,807,542,502,15265,30,11783,20,,
2727,15/3/12,2,8,15,21,27,35,7,,15,4,2,2,1,2,1,0,3,220705,10,26084,225,1160,774,337,10923,30,19530,20,,
2726,12/3/12,1,11,20,25,26,36,33,11,,3,3,1,2,2,1,0,2,843002,1,393870,243,1621,674,585,13501,30,17229,20,,
2725,8/3/12,5,11,38,39,41,45,1,,,5,1,1,1,0,2,2,0,0,7,38617,163,1659,490,552,8566,30,12974,20,,
2724,5/3/12,8,13,17,25,27,29,11,17,,5,1,1,2,3,0,0,2,362540,16,17853,360,794,811,353,12669,30,19031,20,,
2723,1/3/12,11,12,17,23,30,31,41,17,,4,2,0,3,2,1,0,3,573750,196,2018,802,494,2469,161,23144,30,24031,20,,
2722,27/2/12,9,14,17,32,33,45,7,,,4,2,1,2,0,2,1,0,0,4,70644,167,1693,637,444,8915,30,16632,20,,
2721,23/2/12,12,20,25,38,43,44,15,20,,2,4,0,2,1,1,2,2,869269,3,131456,207,1906,617,640,11239,30,16178,20,,
2720,20/2/12,2,17,20,33,36,37,42,20,20,3,3,1,2,0,3,0,0,0,10,29052,184,1579,472,616,9916,30,12025,20,,
2719,16/2/12,12,13,20,21,24,35,30,,,3,3,0,3,2,1,0,2,361724,9,31666,259,1101,665,429,11651,30,16301,20,,
2718,13/2/12,4,7,9,17,18,23,33,9,,4,2,3,2,1,0,0,5,154957,9,33913,517,591,848,360,19898,30,18006,20,,
2717,9/2/12,8,9,12,31,44,45,23,9,9,3,3,2,1,0,1,2,4,193592,7,43580,309,988,773,395,12890,30,19320,20,,
2716,6/2/12,3,4,5,9,24,29,7,3,,4,2,4,0,2,0,0,3,306749,20,18127,545,666,2069,176,21523,30,38246,20,,
2715,3/2/12,3,19,21,27,33,34,8,33,3,5,1,1,1,2,2,0,10,1004366,54,48467,1900,1378,5248,499,91730,30,135298,20,,
2714,30/1/12,14,17,32,33,38,41,27,,,3,3,0,2,0,3,1,1,1591310,12,52240,375,1672,1100,570,19991,30,27891,20,,
2713,26/1/12,4,5,15,16,34,40,14,"5,15",,2,4,2,2,0,2,0,2,574418,9,50286,345,1312,954,475,15256,30,22373,20,,
2712,23/1/12,5,15,17,29,31,33,32,,,6,0,1,2,1,2,0,1,917883,11,32872,286,1265,758,478,13843,30,17590,20,,
2711,20/1/12,7,18,26,41,43,44,45,,,3,3,1,1,1,0,3,6,1175836,40,44200,1285,1376,3295,537,59082,30,84513,20,,
2710,16/1/12,14,27,28,29,36,40,19,,,2,4,0,1,3,2,0,0,0,9,57075,338,1520,919,559,16247,30,24132,20,,
2709,12/1/12,4,16,18,22,23,43,25,"22,43",,2,4,1,2,2,0,1,0,0,6,46821,177,1588,515,546,9348,30,13573,20,,
2708,9/1/12,9,12,21,22,28,43,33,,9,3,3,1,1,3,0,1,3,246801,5,58335,312,935,574,509,14393,30,14369,20,,
2707,5/1/12,5,7,15,24,27,33,45,,5,5,1,2,1,2,1,0,3,231094,10,27312,273,1001,581,471,13154,30,12960,20,,
2706,2/1/12,3,20,30,36,37,43,22,,,3,3,1,1,1,2,1,3,1207243,9,83200,447,1676,1228,610,24014,30,32111,20,,
2705,29/12/11,13,17,21,22,24,45,26,13,,4,2,0,2,3,0,1,0,0,6,68264,263,1558,727,564,13586,30,18427,20,,
2704,26/12/11,1,3,13,36,41,42,37,,,4,2,2,1,0,1,2,0,0,6,44728,147,1826,401,670,8698,30,10289,20,,
2703,22/12/11,7,9,26,33,39,40,30,40,,4,2,2,0,1,3,0,1,1667555,13,30647,345,1155,833,479,14197,30,20293,20,,
2702,19/12/11,3,10,37,38,40,41,21,,,3,3,2,0,0,3,1,0,0,5,51704,144,1796,389,665,7585,30,10027,20,,
2701,15/12/11,4,6,15,16,20,36,35,20,15,1,5,2,3,0,1,0,2,329704,3,86589,197,1319,544,478,10271,30,11627,20,,
2700,12/12/11,2,10,20,28,33,35,16,,,2,4,2,1,1,2,0,1,688809,5,54270,190,1429,562,483,9550,30,13504,20,,
2699,8/12/11,3,5,7,17,41,45,30,,,6,0,3,1,0,0,2,1,639501,4,62982,210,1200,730,346,10600,30,15162,20,,
2698,5/12/11,4,10,21,22,27,32,44,27,,2,4,2,0,3,1,0,1,3272452,11,60298,502,1322,1105,601,24982,30,27557,20,,
2697,1/12/11,5,7,27,36,38,44,15,"7,36",,3,3,2,0,1,2,1,0,0,6,62144,216,1727,660,565,11709,30,16696,20,,
2696,28/11/11,7,19,20,24,33,36,6,20,,3,3,1,2,1,2,0,0,0,5,50604,156,1622,453,559,7644,30,13312,20,,
2695,24/11/11,13,20,32,41,43,44,21,13,,3,3,0,2,0,1,3,1,619967,4,61058,147,1662,311,786,6383,30,8593,20,,
2694,21/11/11,6,13,17,26,36,39,7,36,,3,3,1,2,1,2,0,1,657652,7,37011,248,1045,662,392,10492,30,15071,20,,
2693,17/11/11,12,19,23,30,36,41,10,,,3,3,0,2,2,1,1,1,626994,2,123499,173,1428,455,543,8145,30,13078,20,,
2692,14/11/11,1,4,11,34,35,43,41,"11,34",,4,2,2,1,0,2,1,2,822284,2,196140,297,1321,675,582,13623,30,17794,20,,
2691,10/11/11,11,18,27,30,34,44,12,27,,2,4,0,2,2,1,1,0,0,2,127791,167,1531,427,599,8182,30,13134,20,,
2690,7/11/11,12,13,19,20,27,28,40,12,,3,3,0,4,2,0,0,3,223496,2,132066,227,1164,372,711,10549,30,10213,20,,
2689,3/11/11,8,12,24,39,40,41,23,24,,2,4,1,1,1,2,1,2,318994,6,41889,180,1397,413,609,7829,30,10692,20,,
2688,31/10/11,4,7,18,23,24,35,33,18,,3,3,2,1,2,1,0,1,664025,5,52318,192,1363,489,535,10010,30,11188,20,,
2687,27/10/11,12,18,27,28,32,42,26,"27,42",27,1,5,0,2,2,1,1,1,635400,3,83437,185,1354,513,488,9174,30,11919,20,,
2686,24/10/11,4,24,27,37,40,42,22,,24,2,4,1,0,2,2,1,1,671946,8,33089,247,1072,696,381,10100,30,15481,20,,
2685,20/10/11,5,7,21,35,38,45,24,,,5,1,2,0,1,2,1,1,1637521,5,75808,262,1447,643,590,12949,30,16981,20,,
2684,17/10/11,9,23,24,28,31,33,20,28,,4,2,1,0,3,2,0,0,0,7,38007,205,1298,515,517,10832,30,13444,20,,
2683,13/10/11,16,20,21,28,32,36,26,,,1,5,0,2,2,2,0,1,654071,5,51533,156,1652,461,559,7953,30,12598,20,,
2682,10/10/11,5,11,15,19,34,35,41,19,,5,1,1,3,0,2,0,1,1674888,9,45201,315,1292,697,584,16358,30,17793,20,,
2681,6/10/11,1,13,19,21,23,37,10,1,,6,0,1,2,2,1,0,0,0,7,36143,144,1757,552,459,8475,30,16608,20,,
2680,3/10/11,1,18,31,32,36,43,16,,,3,3,1,1,0,3,1,1,678815,1,267412,149,1795,360,743,7636,30,10595,20,,
2679,29/9/11,7,11,12,16,34,41,38,,,3,3,1,3,0,1,1,2,329030,5,51848,196,1323,575,451,10940,30,12927,20,,
2678,26/9/11,8,15,17,21,33,37,18,"21,37",,5,1,1,2,1,2,0,2,827566,7,56718,254,1564,674,590,13261,30,19570,20,,
2677,22/9/11,2,11,21,36,37,44,24,"2,44",,3,3,1,1,1,2,1,0,0,3,84999,141,1809,359,711,6747,30,9714,20,,
2676,19/9/11,2,9,13,17,29,44,27,,,4,2,2,2,1,0,1,2,331479,7,37310,215,1215,636,411,10682,30,14862,20,,
2675,15/9/11,7,8,15,23,27,36,16,,15,4,2,2,1,2,1,0,3,211692,4,62546,271,924,803,312,12264,30,17937,20,,
2674,12/9/11,6,9,17,20,24,26,28,24,,2,4,2,2,2,0,0,3,209659,5,49556,390,636,859,289,13012,30,16544,20,,
2673,9/9/11,2,5,14,24,28,36,18,,,1,5,2,1,2,1,0,6,835313,32,34370,907,1213,2169,508,41675,30,55460,20,,
2672,5/9/11,1,6,18,27,29,44,3,44,,3,3,2,1,2,0,1,1,744854,2,146714,206,1425,542,542,9798,30,15659,20,,
2671,1/9/11,3,13,17,28,44,45,9,,,4,2,1,2,1,0,2,2,337949,8,33283,169,1576,589,453,8247,30,16697,20,,
2670,29/8/11,10,11,12,16,36,38,39,10,,1,5,1,3,0,2,0,2,351230,1,276726,231,1198,506,547,10956,30,12588,20,,
2669,25/8/11,1,5,7,10,22,26,15,,,3,3,4,0,2,0,0,1,1697118,20,19743,568,696,1619,244,23268,30,30320,20,,
2668,22/8/11,2,25,34,35,37,43,8,,,4,2,1,0,1,3,1,0,0,6,45619,159,1722,527,520,8758,30,13113,20,,
2667,18/8/11,3,7,18,26,29,30,43,"3,7,30",18,3,3,2,1,3,0,0,2,1690773,8,82981,715,929,1213,548,30036,30,29193,20,,
2666,15/8/11,3,7,27,30,41,45,9,,,5,1,2,0,2,0,2,0,0,8,49920,275,1453,890,449,13515,30,24900,20,,
2665,11/8/11,1,13,22,23,24,36,12,"1,36",,3,3,1,1,3,1,0,0,0,6,44822,160,1681,541,498,7973,30,14099,20,,
2664,8/8/11,1,6,8,29,31,36,26,1,8,3,3,3,0,1,2,0,2,852141,10,41369,383,1081,1018,407,19678,30,25633,20,,
2663,4/8/11,1,13,26,34,42,45,7,,,3,3,1,1,1,1,2,0,0,7,36814,158,1631,537,480,7821,30,13485,20,,
2662,1/8/11,17,20,21,22,24,30,16,,,2,4,0,2,4,0,0,3,568312,7,60041,416,1011,819,514,17176,30,20045,20,,
2661,28/7/11,4,9,16,23,33,38,39,23,,3,3,2,1,1,2,0,0,0,3,83786,240,1048,498,505,9649,30,12065,20,,
2660,25/7/11,11,20,23,32,39,42,19,"11,32",,3,3,0,2,1,2,1,2,309111,4,60886,169,1442,410,594,8333,30,10659,20,,
2659,22/7/11,11,12,17,25,27,32,42,,,4,2,0,3,2,1,0,2,2508143,16,76727,1145,1073,2543,483,53713,30,58462,20,,
2658,18/7/11,6,14,19,20,28,39,16,,,2,4,1,3,1,1,0,1,766746,10,30206,237,1275,782,387,11573,30,19114,20,,
2657,14/7/11,9,10,17,23,29,45,15,9,,5,1,2,1,2,0,1,1,670166,8,33001,286,924,602,439,12790,30,14228,20,,
2656,11/7/11,4,9,18,19,41,44,23,"41,44",,3,3,2,2,0,0,2,1,1694837,13,31280,449,906,812,501,15802,30,19316,20,,
2655,7/7/11,35,36,40,41,43,44,32,,,3,3,0,0,0,3,3,0,0,5,52205,171,1527,407,642,8103,30,9062,20,,
2654,4/7/11,11,13,19,33,37,42,17,,,5,1,0,3,0,2,1,2,816193,17,22949,241,1619,837,467,12830,30,18630,20,,
2653,30/6/11,4,17,30,39,43,45,19,,30,4,2,1,1,1,1,2,0,0,5,50588,169,1497,412,614,7756,30,10986,20,,
2652,27/6/11,10,13,18,27,33,44,38,,27,3,3,1,2,1,1,1,,,,,,,,,,,,,,
2651,23/6/11,3,4,7,17,21,39,12,,,5,1,3,1,1,1,0,,,,,,,,,,,,,,
2650,20/6/11,2,11,14,22,32,40,42,40,,1,5,1,2,1,2,0,,,,,,,,,,,,,,
2649,16/6/11,10,17,29,30,40,42,26,17,,2,4,1,1,2,1,1,,,,,,,,,,,,,,
2648,13/6/11,17,18,24,27,41,43,12,17,,4,2,0,2,2,0,2,,,,,,,,,,,,,,
2647,9/6/11,8,9,17,28,29,31,26,"8,28",9,4,2,2,1,2,1,0,,,,,,,,,,,,,,
2646,6/6/11,2,8,13,21,28,37,24,2,,3,3,2,1,2,1,0,,,,,,,,,,,,,,
2645,2/6/11,1,2,3,15,31,42,10,,2,4,2,3,1,0,1,1,,,,,,,,,,,,,,
2644,30/5/11,14,17,19,28,37,44,7,"14,44",,3,3,0,3,1,1,1,,,,,,,,,,,,,,
2643,26/5/11,2,5,6,14,40,44,28,14,,1,5,3,1,0,1,1,,,,,,,,,,,,,,
2642,23/5/11,1,12,14,21,26,37,17,26,,3,3,1,2,2,1,0,,,,,,,,,,,,,,
2641,19/5/11,6,22,23,26,27,31,3,"22,27",,3,3,1,0,4,1,0,,,,,,,,,,,,,,
2640,16/5/11,16,18,22,27,35,36,11,,16,2,4,0,2,2,2,0,,,,,,,,,,,,,,
2639,12/5/11,7,19,23,26,29,31,38,19,,5,1,1,1,3,1,0,,,,,,,,,,,,,,
2638,9/5/11,6,14,16,19,39,42,26,,,2,4,1,3,0,1,1,,,,,,,,,,,,,,
2637,5/5/11,10,26,29,34,35,41,22,"29,41",,3,3,1,0,2,2,1,,,,,,,,,,,,,,
2636,2/5/11,3,12,15,28,29,41,4,"12,28",,4,2,1,2,2,0,1,,,,,,,,,,,,,,
2635,28/4/11,12,13,16,21,28,39,2,21,28,3,3,0,3,2,1,0,,,,,,,,,,,,,,
2634,25/4/11,2,21,23,25,27,44,43,25,25,4,2,1,0,4,0,1,,,,,,,,,,,,,,
2633,21/4/11,24,25,32,38,39,43,2,32,,3,3,0,0,2,3,1,,,,,,,,,,,,,,
2632,18/4/11,2,7,10,16,29,32,18,"10,29",,2,4,3,1,1,1,0,,,,,,,,,,,,,,
2631,14/4/11,6,10,17,29,33,44,9,,,3,3,2,1,1,1,1,,,,,,,,,,,,,,
2630,11/4/11,9,15,27,28,30,40,12,28,,3,3,1,1,3,1,0,,,,,,,,,,,,,,
2629,7/4/11,16,22,23,25,28,43,37,22,,3,3,0,1,4,0,1,,,,,,,,,,,,,,
2628,4/4/11,3,4,9,22,35,45,44,"3,9",4,4,2,3,0,1,1,1,,,,,,,,,,,,,,
2627,31/3/11,3,9,13,14,27,34,7,,,4,2,2,2,1,1,0,,,,,,,,,,,,,,
2626,28/3/11,11,16,23,29,30,35,40,23,,4,2,0,2,3,1,0,,,,,,,,,,,,,,
2625,24/3/11,7,17,23,24,26,28,18,7,24,3,3,1,1,4,0,0,,,,,,,,,,,,,,
2624,21/3/11,7,29,31,32,38,45,3,29,,4,2,1,0,1,3,1,,,,,,,,,,,,,,
2623,17/3/11,2,5,22,29,33,36,4,22,,3,3,2,0,2,2,0,,,,,,,,,,,,,,
2622,14/3/11,22,23,24,32,35,38,2,"22,24",,2,4,0,0,3,3,0,,,,,,,,,,,,,,
2621,10/3/11,8,19,22,24,39,40,2,19,,2,4,1,1,2,2,0,,,,,,,,,,,,,,
2620,7/3/11,16,17,19,28,36,41,8,,,3,3,0,3,1,1,1,,,,,,,,,,,,,,
2619,3/3/11,1,6,10,31,32,45,43,,,3,3,3,0,0,2,1,,,,,,,,,,,,,,
2618,28/2/11,8,9,11,30,41,43,36,,,4,2,2,1,1,0,2,,,,,,,,,,,,,,
2617,24/2/11,7,10,13,17,36,45,16,7,,4,2,2,2,0,1,1,,,,,,,,,,,,,,
2616,21/2/11,6,7,16,20,28,30,26,20,,1,5,2,2,2,0,0,,,,,,,,,,,,,,
2615,18/2/11,18,20,27,34,35,41,1,,18,3,3,0,2,1,2,1,,,,,,,,,,,,,,
2614,14/2/11,1,13,16,30,38,39,24,38,,3,3,1,2,1,2,0,,,,,,,,,,,,,,
2613,10/2/11,6,9,18,26,37,38,8,26,,2,4,2,1,1,2,0,,,,,,,,,,,,,,
2612,7/2/11,3,4,12,24,26,44,1,"4,24,26",,1,5,2,1,2,0,1,,,,,,,,,,,,,,
2611,3/2/11,2,4,13,24,26,39,14,39,,2,4,2,1,2,1,0,,,,,,,,,,,,,,
2610,31/1/11,6,9,19,22,39,43,27,,,4,2,2,1,1,1,1,,,,,,,,,,,,,,
2609,28/1/11,5,17,18,20,24,38,7,,,2,4,1,3,1,1,0,,,,,,,,,,,,,,
2608,24/1/11,9,15,23,28,32,40,41,"15,23,28",,3,3,1,1,2,2,0,,,,,,,,,,,,,,
2607,20/1/11,11,14,15,23,24,28,2,,,3,3,0,3,3,0,0,,,,,,,,,,,,,,
2606,17/1/11,17,22,32,36,41,45,4,"36,41",17,3,3,0,1,1,2,2,,,,,,,,,,,,,,
2605,13/1/11,6,7,23,34,36,41,10,,,3,3,2,0,1,2,1,,,,,,,,,,,,,,
2604,10/1/11,4,9,20,27,28,29,16,9,,3,3,2,1,3,0,0,,,,,,,,,,,,,,
2603,6/1/11,9,12,25,30,31,34,27,30,,3,3,1,1,2,2,0,,,,,,,,,,,,,,
2602,3/1/11,5,6,18,21,23,30,37,"6,21",,3,3,2,1,3,0,0,,,,,,,,,,,,,,
2601,30/12/10,6,10,15,21,22,32,30,,,2,4,2,1,2,1,0,,,,,,,,,,,,,,
2600,27/12/10,4,7,9,11,14,20,16,11,,3,3,3,3,0,0,0,,,,,,,,,,,,,,
2599,23/12/10,10,11,15,21,39,44,38,,,4,2,1,2,1,1,1,,,,,,,,,,,,,,
2598,20/12/10,6,13,20,30,31,32,5,"6,30",20,2,4,1,2,1,2,0,,,,,,,,,,,,,,
2597,16/12/10,6,30,35,36,41,45,26,6,,3,3,1,0,1,2,2,,,,,,,,,,,,,,
2596,13/12/10,6,12,17,27,34,43,9,43,,3,3,1,2,1,1,1,,,,,,,,,,,,,,
2595,9/12/10,11,26,30,32,41,43,40,11,,3,3,0,1,2,1,2,,,,,,,,,,,,,,
2594,6/12/10,1,6,11,20,24,34,2,24,6,2,4,2,2,1,1,0,,,,,,,,,,,,,,
2593,2/12/10,4,7,24,25,35,36,13,,,3,3,2,0,2,2,0,,,,,,,,,,,,,,
2592,29/11/10,11,13,17,23,39,40,4,"11,23",,5,1,0,3,1,2,0,,,,,,,,,,,,,,
2591,25/11/10,9,11,14,23,33,35,15,,,5,1,1,2,1,2,0,,,,,,,,,,,,,,
2590,22/11/10,8,12,13,21,27,38,45,,,3,3,1,2,2,1,0,,,,,,,,,,,,,,
2589,18/11/10,3,7,10,31,36,43,25,3,,4,2,3,0,0,2,1,,,,,,,,,,,,,,
2588,15/11/10,3,8,29,32,35,39,24,39,,4,2,2,0,1,3,0,,,,,,,,,,,,,,
2587,11/11/10,10,20,27,34,39,45,25,"20,34,39",,3,3,1,1,1,2,1,,,,,,,,,,,,,,
2586,8/11/10,13,17,18,20,34,39,14,17,,3,3,0,4,0,2,0,,,,,,,,,,,,,,
2585,4/11/10,6,9,11,17,41,43,27,,,5,1,2,2,0,0,2,,,,,,,,,,,,,,
2584,1/11/10,18,19,21,27,30,34,37,,,3,3,0,2,3,1,0,,,,,,,,,,,,,,
2583,28/10/10,2,13,22,32,33,38,1,2,,2,4,1,1,1,3,0,,,,,,,,,,,,,,
2582,25/10/10,2,7,9,18,31,45,4,"7,18",,4,2,3,1,0,1,1,,,,,,,,,,,,,,
2581,21/10/10,7,15,17,18,25,27,2,,,5,1,1,3,2,0,0,,,,,,,,,,,,,,
2580,18/10/10,3,9,11,28,36,42,10,,,3,3,2,1,1,1,1,,,,,,,,,,,,,,
2579,14/10/10,8,14,25,31,40,41,29,,14,3,3,1,1,1,2,1,,,,,,,,,,,,,,
2578,11/10/10,2,5,18,23,24,36,17,23,,2,4,2,1,2,1,0,,,,,,,,,,,,,,
2577,7/10/10,9,17,22,23,35,41,44,,,5,1,1,1,2,1,1,,,,,,,,,,,,,,
2576,4/10/10,7,10,13,16,18,19,35,16,,3,3,2,4,0,0,0,,,,,,,,,,,,,,
2575,30/9/10,8,16,17,25,26,43,45,16,,3,3,1,2,2,0,1,,,,,,,,,,,,,,
2574,27/9/10,1,16,32,34,35,42,22,1,,2,4,1,1,0,3,1,,,,,,,,,,,,,,
2573,23/9/10,1,3,11,13,19,37,29,,,6,0,2,3,0,1,0,,,,,,,,,,,,,,
2572,20/9/10,10,23,28,34,38,42,32,,,1,5,1,0,2,2,1,,,,,,,,,,,,,,
2571,16/9/10,1,3,17,24,29,45,8,3,,5,1,2,1,2,0,1,,,,,,,,,,,,,,
2570,13/9/10,3,6,15,25,28,43,44,,,4,2,2,1,2,0,1,,,,,,,,,,,,,,
2569,9/9/10,2,18,21,22,32,40,34,22,,1,5,1,1,2,2,0,,,,,,,,,,,,,,
2568,6/9/10,7,12,13,22,28,29,16,"7,12",,3,3,1,2,3,0,0,,,,,,,,,,,,,,
2567,2/9/10,7,12,17,18,25,27,1,12,,4,2,1,3,2,0,0,,,,,,,,,,,,,,
2566,30/8/10,12,16,21,29,34,40,38,34,,2,4,0,2,2,2,0,,,,,,,,,,,,,,
2565,26/8/10,3,28,32,34,43,45,37,43,,3,3,1,0,1,2,2,,,,,,,,,,,,,,
2564,23/8/10,7,9,29,37,40,43,11,43,,5,1,2,0,1,2,1,,,,,,,,,,,,,,
2563,19/8/10,8,19,30,31,33,43,32,43,19,4,2,1,1,1,2,1,,,,,,,,,,,,,,
2562,16/8/10,4,12,13,15,29,43,41,"12,29",,4,2,1,3,1,0,1,,,,,,,,,,,,,,
2561,12/8/10,5,12,23,26,29,31,19,,12,4,2,1,1,3,1,0,,,,,,,,,,,,,,
2560,9/8/10,11,15,16,36,38,43,40,,,3,3,0,3,0,2,1,,,,,,,,,,,,,,
2559,5/8/10,6,10,12,22,23,40,25,10,,1,5,2,1,2,1,0,,,,,,,,,,,,,,
2558,2/8/10,2,4,7,10,29,43,25,7,2,3,3,4,0,1,0,1,,,,,,,,,,,,,,
2557,29/7/10,6,7,11,23,42,44,38,7,,3,3,2,1,1,0,2,,,,,,,,,,,,,,
2556,26/7/10,7,9,21,28,30,41,37,,,4,2,2,0,3,0,1,,,,,,,,,,,,,,
2555,23/7/10,12,14,16,23,29,40,21,,23,2,4,0,3,2,1,0,,,,,,,,,,,,,,
2554,19/7/10,3,4,5,10,19,35,9,10,19,4,2,4,1,0,1,0,,,,,,,,,,,,,,
2553,15/7/10,10,17,20,23,25,31,33,,,4,2,1,2,2,1,0,,,,,,,,,,,,,,
2552,12/7/10,3,4,14,18,26,42,33,3,,1,5,2,2,1,0,1,,,,,,,,,,,,,,
2551,8/7/10,3,6,9,23,38,39,14,,,4,2,3,0,1,2,0,,,,,,,,,,,,,,
2550,5/7/10,7,10,29,30,34,41,17,,,3,3,2,0,2,1,1,,,,,,,,,,,,,,
2549,1/7/10,14,22,25,36,43,44,29,,,2,4,0,1,2,1,2,,,,,,,,,,,,,,
2548,28/6/10,5,8,17,27,32,34,22,,,3,3,2,1,1,2,0,,,,,,,,,,,,,,
2547,24/6/10,2,4,13,22,25,39,1,,,3,3,2,1,2,1,0,,,,,,,,,,,,,,
2546,21/6/10,10,14,16,19,37,41,1,14,,3,3,1,3,0,1,1,,,,,,,,,,,,,,
2545,17/6/10,13,14,15,20,38,45,35,"13,14,15",,3,3,0,4,0,1,1,,,,,,,,,,,,,,
2544,14/6/10,7,13,14,15,18,44,28,44,14,3,3,1,4,0,0,1,,,,,,,,,,,,,,
2543,10/6/10,20,31,35,40,43,44,17,,,3,3,0,1,0,3,2,,,,,,,,,,,,,,
2542,7/6/10,1,8,13,17,22,33,25,33,,4,2,2,2,1,1,0,,,,,,,,,,,,,,
2541,3/6/10,18,24,26,30,32,33,3,,,1,5,0,1,3,2,0,,,,,,,,,,,,,,
2540,31/5/10,6,7,9,12,13,44,28,12,,3,3,3,2,0,0,1,,,,,,,,,,,,,,
2539,27/5/10,1,5,11,12,33,38,20,33,,4,2,2,2,0,2,0,,,,,,,,,,,,,,
2538,24/5/10,8,19,22,23,28,33,13,8,,3,3,1,1,3,1,0,,,,,,,,,,,,,,
2537,20/5/10,8,12,27,31,36,40,30,31,,2,4,1,1,1,3,0,,,,,,,,,,,,,,
2536,17/5/10,6,16,22,23,31,33,20,23,,3,3,1,1,2,2,0,,,,,,,,,,,,,,
2535,14/5/10,5,12,23,37,38,43,41,12,,4,2,1,1,1,2,1,,,,,,,,,,,,,,
2534,10/5/10,1,12,16,18,34,36,41,,,1,5,1,3,0,2,0,,,,,,,,,,,,,,
2533,6/5/10,4,8,33,42,44,45,19,"42,45",,2,4,2,0,0,1,3,,,,,,,,,,,,,,
2532,3/5/10,1,6,19,25,42,45,8,,,4,2,2,1,1,0,2,,,,,,,,,,,,,,
2531,29/4/10,12,20,23,30,31,41,38,23,,3,3,0,2,2,1,1,,,,,,,,,,,,,,
2530,26/4/10,7,14,23,32,36,44,31,,,2,4,1,1,1,2,1,,,,,,,,,,,,,,
2529,22/4/10,9,26,30,31,35,43,45,"9,43",,4,2,1,0,2,2,1,,,,,,,,,,,,,,
2528,19/4/10,9,23,32,38,39,43,1,"23,38,43",,4,2,1,0,1,3,1,,,,,,,,,,,,,,
2527,15/4/10,12,13,23,26,38,43,25,,,3,3,0,2,2,1,1,,,,,,,,,,,,,,
2526,12/4/10,5,10,28,33,36,39,16,5,,3,3,2,0,1,3,0,,,,,,,,,,,,,,
2525,8/4/10,5,9,14,22,24,29,26,9,,3,3,2,1,3,0,0,,,,,,,,,,,,,,
2524,5/4/10,9,13,21,31,37,39,3,,,6,0,1,1,1,3,0,,,,,,,,,,,,,,
2523,1/4/10,4,5,6,18,28,30,21,"18,30",,1,5,3,1,2,0,0,,,,,,,,,,,,,,
2522,29/3/10,2,18,30,41,43,44,14,,,2,4,1,1,1,0,3,,,,,,,,,,,,,,
2521,25/3/10,10,13,24,29,33,42,31,29,,3,3,1,1,2,1,1,,,,,,,,,,,,,,
2520,22/3/10,9,12,16,23,29,31,10,31,,4,2,1,2,2,1,0,,,,,,,,,,,,,,
2519,18/3/10,1,4,6,30,31,32,8,"31,32",,2,4,3,0,1,2,0,,,,,,,,,,,,,,
2518,15/3/10,7,28,31,32,39,42,9,42,,3,3,1,0,1,3,1,,,,,,,,,,,,,,
2517,11/3/10,6,10,11,13,15,42,33,13,11,3,3,2,3,0,0,1,,,,,,,,,,,,,,
2516,8/3/10,3,13,21,22,24,36,40,,,3,3,1,1,3,1,0,,,,,,,,,,,,,,
2515,4/3/10,4,14,23,27,43,45,24,"23,27",4,4,2,1,1,2,0,2,,,,,,,,,,,,,,
2514,1/3/10,23,25,27,31,40,42,20,,,4,2,0,0,3,2,1,,,,,,,,,,,,,,
2513,26/2/10,4,17,22,26,34,37,43,37,26,2,4,1,1,2,2,0,,,,,,,,,,,,,,
2512,22/2/10,9,18,25,37,40,43,30,"9,37",,4,2,1,1,1,2,1,,,,,,,,,,,,,,
2511,18/2/10,6,9,29,30,31,37,26,29,,4,2,2,0,2,2,0,,,,,,,,,,,,,,
2510,15/2/10,4,24,28,29,35,42,34,42,,2,4,1,0,3,1,1,,,,,,,,,,,,,,
2509,11/2/10,1,2,14,31,42,43,3,14,,3,3,2,1,0,1,2,,,,,,,,,,,,,,
2508,8/2/10,9,14,15,27,29,32,12,"29,32",,4,2,1,2,2,1,0,,,,,,,,,,,,,,
2507,4/2/10,24,28,29,32,39,44,12,32,,2,4,0,0,3,2,1,,,,,,,,,,,,,,
2506,1/2/10,3,5,15,23,32,42,30,,,4,2,2,1,1,1,1,,,,,,,,,,,,,,
2505,28/1/10,6,8,11,18,21,30,41,8,,2,4,2,2,2,0,0,,,,,,,,,,,,,,
2504,25/1/10,1,8,14,17,36,42,15,17,,2,4,2,2,0,1,1,,,,,,,,,,,,,,
2503,21/1/10,15,17,20,38,39,44,6,,,3,3,0,3,0,2,1,,,,,,,,,,,,,,
2502,18/1/10,1,16,22,24,25,36,13,36,,2,4,1,1,3,1,0,,,,,,,,,,,,,,
2501,14/1/10,3,26,31,34,36,41,42,"26,41",,3,3,1,0,1,3,1,,,,,,,,,,,,,,
2500,11/1/10,6,26,29,30,39,41,12,6,,3,3,1,0,3,1,1,,,,,,,,,,,,,,
2499,7/1/10,5,6,22,34,42,45,35,,,2,4,2,0,1,1,2,,,,,,,,,,,,,,
2498,4/1/10,11,16,20,27,30,41,26,,,3,3,0,3,2,0,1,,,,,,,,,,,,,,
2497,31/12/09,7,8,35,36,39,44,37,36,,3,3,2,0,0,3,1,,,,,,,,,,,,,,
2496,28/12/09,9,24,33,36,37,40,44,9,,3,3,1,0,1,4,0,,,,,,,,,,,,,,
2495,24/12/09,5,9,11,26,27,29,2,,,5,1,2,1,3,0,0,,,,,,,,,,,,,,
2494,21/12/09,4,8,16,17,38,42,12,,,1,5,2,2,0,1,1,,,,,,,,,,,,,,
2493,17/12/09,3,7,11,31,34,41,22,,,5,1,2,1,0,2,1,,,,,,,,,,,,,,
2492,14/12/09,2,8,14,20,21,37,3,"8,21",14,2,4,2,2,1,1,0,,,,,,,,,,,,,,
2491,10/12/09,8,10,13,21,25,45,26,"13,45",10,4,2,2,1,2,0,1,,,,,,,,,,,,,,
2490,7/12/09,4,13,22,27,39,45,21,13,,4,2,1,1,2,1,1,,,,,,,,,,,,,,
2489,3/12/09,1,8,10,12,13,14,15,1,,2,4,3,3,0,0,0,,,,,,,,,,,,,,
2488,30/11/09,1,17,22,35,44,45,36,17,,4,2,1,1,1,1,2,,,,,,,,,,,,,,
2487,26/11/09,5,11,12,17,20,30,43,"20,30",,3,3,1,4,1,0,0,,,,,,,,,,,,,,
2486,23/11/09,1,20,21,22,29,30,38,22,,3,3,1,1,4,0,0,,,,,,,,,,,,,,
2485,19/11/09,10,22,33,37,44,45,15,33,,3,3,1,0,1,2,2,,,,,,,,,,,,,,
2484,16/11/09,20,24,31,33,34,41,25,"20,41",,3,3,0,1,1,3,1,,,,,,,,,,,,,,
2483,12/11/09,16,20,26,29,40,41,18,,,2,4,0,2,2,1,1,,,,,,,,,,,,,,
2482,9/11/09,6,7,18,28,32,35,42,,,2,4,2,1,1,2,0,,,,,,,,,,,,,,
2481,5/11/09,5,13,23,25,27,37,4,"23,37",5,6,0,1,1,3,1,0,,,,,,,,,,,,,,
2480,2/11/09,16,22,23,31,37,39,18,,,4,2,0,1,2,3,0,,,,,,,,,,,,,,
2479,29/10/09,1,6,25,28,29,32,24,"28,29,32",29,3,3,2,0,3,1,0,,,,,,,,,,,,,,
2478,26/10/09,2,19,23,28,29,32,25,,,3,3,1,1,3,1,0,,,,,,,,,,,,,,
2477,22/10/09,13,31,34,35,40,43,1,34,,4,2,0,1,0,4,1,,,,,,,,,,,,,,
2476,19/10/09,5,21,22,34,36,41,9,"22,36",,3,3,1,0,2,2,1,,,,,,,,,,,,,,
2475,15/10/09,7,22,23,36,37,45,31,22,,4,2,1,0,2,2,1,,,,,,,,,,,,,,
2474,12/10/09,1,16,20,22,27,31,38,31,,3,3,1,2,2,1,0,,,,,,,,,,,,,,
2473,8/10/09,11,13,18,21,30,31,34,"21,30",,4,2,0,3,2,1,0,,,,,,,,,,,,,,
2472,5/10/09,10,14,21,30,39,44,8,10,,2,4,1,1,2,1,1,,,,,,,,,,,,,,
2471,1/10/09,7,10,31,33,43,45,22,45,,5,1,2,0,0,2,2,,,,,,,,,,,,,,
2470,28/9/09,4,6,16,21,40,45,10,4,,2,4,2,1,1,1,1,,,,,,,,,,,,,,
2469,25/9/09,2,4,22,29,31,39,37,,,3,3,2,0,2,2,0,,,,,,,,,,,,,,
2468,21/9/09,3,8,12,19,34,40,22,8,,2,4,2,2,0,2,0,,,,,,,,,,,,,,
2467,17/9/09,1,8,10,29,36,38,34,10,,2,4,3,0,1,2,0,,,,,,,,,,,,,,
2466,14/9/09,2,10,12,18,21,39,35,2,,2,4,2,2,1,1,0,,,,,,,,,,,,,,
2465,10/9/09,2,25,29,36,37,40,19,37,,3,3,1,0,2,3,0,,,,,,,,,,,,,,
2464,7/9/09,1,5,15,33,34,37,28,33,,5,1,2,1,0,3,0,,,,,,,,,,,,,,
2463,3/9/09,2,6,25,30,31,33,44,2,,3,3,2,0,2,2,0,,,,,,,,,,,,,,
2462,31/8/09,2,10,17,27,40,42,11,,,2,4,2,1,1,1,1,,,,,,,,,,,,,,
2461,27/8/09,6,7,9,19,32,41,8,"6,7",,4,2,3,1,0,1,1,,,,,,,,,,,,,,
2460,24/8/09,6,7,8,10,12,13,26,"10,12,13",,2,4,4,2,0,0,0,,,,,,,,,,,,,,
2459,20/8/09,3,10,12,13,16,29,17,"13,29",,3,3,2,3,1,0,0,,,,,,,,,,,,,,
2458,17/8/09,1,13,22,29,43,45,17,1,,5,1,1,1,2,0,2,,,,,,,,,,,,,,
2457,13/8/09,1,23,37,38,39,42,40,23,,4,2,1,0,1,3,1,,,,,,,,,,,,,,
2456,10/8/09,15,20,22,23,29,33,28,,,4,2,0,2,3,1,0,,,,,,,,,,,,,,
2455,6/8/09,1,6,7,8,19,31,33,31,6,4,2,4,1,0,1,0,,,,,,,,,,,,,,
2454,3/8/09,11,21,23,31,33,44,6,,,5,1,0,1,2,2,1,,,,,,,,,,,,,,
2453,30/7/09,1,8,12,22,24,35,45,,,2,4,2,1,2,1,0,,,,,,,,,,,,,,
2452,27/7/09,4,11,32,36,39,42,12,32,,2,4,1,1,0,3,1,,,,,,,,,,,,,,
2451,23/7/09,15,24,25,32,33,44,29,,,3,3,0,1,2,2,1,,,,,,,,,,,,,,
2450,20/7/09,12,26,28,37,38,39,1,39,,2,4,0,1,2,3,0,,,,,,,,,,,,,,
2449,16/7/09,10,20,30,31,39,45,6,,,3,3,1,1,1,2,1,,,,,,,,,,,,,,
2448,13/7/09,25,26,32,36,42,43,3,32,,2,4,0,0,2,2,2,,,,,,,,,,,,,,
2447,9/7/09,11,13,21,32,35,44,18,32,,4,2,0,2,1,2,1,,,,,,,,,,,,,,
2446,6/7/09,14,16,17,29,32,34,45,14,,2,4,0,3,1,2,0,,,,,,,,,,,,,,
2445,2/7/09,1,3,5,14,15,25,16,,,5,1,3,2,1,0,0,,,,,,,,,,,,,,
2444,29/6/09,7,10,22,24,29,30,4,,29,2,4,2,0,4,0,0,,,,,,,,,,,,,,
2443,25/6/09,5,18,23,34,37,40,12,5,,3,3,1,1,1,3,0,,,,,,,,,,,,,,
2442,22/6/09,5,11,16,19,28,31,14,,,4,2,1,3,1,1,0,,,,,,,,,,,,,,
2441,18/6/09,21,22,23,29,34,36,20,23,,3,3,0,0,4,2,0,,,,,,,,,,,,,,
2440,15/6/09,1,20,23,27,35,41,5,"23,35",,5,1,1,1,2,1,1,,,,,,,,,,,,,,
2439,11/6/09,2,16,23,35,40,42,17,"40,42",,2,4,1,1,1,2,1,,,,,,,,,,,,,,
2438,8/6/09,10,12,17,24,40,42,7,24,,1,5,1,2,1,1,1,,,,,,,,,,,,,,
2437,4/6/09,3,22,24,28,29,32,37,24,,2,4,1,0,4,1,0,,,,,,,,,,,,,,
2436,1/6/09,4,24,26,30,31,38,41,"4,31",,1,5,1,0,3,2,0,,,,,,,,,,,,,,
2435,28/5/09,2,4,19,21,22,31,8,21,,3,3,2,1,2,1,0,,,,,,,,,,,,,,
2434,25/5/09,7,8,21,26,30,45,15,30,,3,3,2,0,3,0,1,,,,,,,,,,,,,,
2433,22/5/09,12,16,23,24,30,31,25,"16,31",,2,4,0,2,3,1,0,,,,,,,,,,,,,,
2432,18/5/09,13,16,27,31,35,45,32,,,5,1,0,2,1,2,1,,,,,,,,,,,,,,
2431,14/5/09,9,12,17,28,29,30,32,,,3,3,1,2,3,0,0,,,,,,,,,,,,,,
2430,11/5/09,3,11,14,24,26,37,33,,11,3,3,1,2,2,1,0,,,,,,,,,,,,,,
2429,7/5/09,5,17,29,31,42,45,10,42,,5,1,1,1,1,1,2,,,,,,,,,,,,,,
2428,4/5/09,2,3,4,13,16,42,35,,4,2,4,3,2,0,0,1,,,,,,,,,,,,,,
2427,30/4/09,9,15,18,29,41,43,1,,,5,1,1,2,1,0,2,,,,,,,,,,,,,,
2426,27/4/09,8,20,30,31,37,38,9,30,,2,4,1,1,1,3,0,,,,,,,,,,,,,,
2425,23/4/09,4,18,27,30,32,42,15,"4,18",,1,5,1,1,2,1,1,,,,,,,,,,,,,,
2424,20/4/09,4,15,18,20,41,43,17,18,20,3,3,1,3,0,0,2,,,,,,,,,,,,,,
2423,16/4/09,7,16,18,31,34,42,10,18,16,2,4,1,2,0,2,1,,,,,,,,,,,,,,
2422,13/4/09,17,18,23,24,29,30,38,,,3,3,0,2,4,0,0,,,,,,,,,,,,,,
2421,9/4/09,20,26,34,36,37,39,29,"26,34",,2,4,0,1,1,4,0,,,,,,,,,,,,,,
2420,6/4/09,7,15,26,28,34,40,19,34,,2,4,1,1,2,2,0,,,,,,,,,,,,,,
2419,2/4/09,17,20,22,31,34,45,6,20,,3,3,0,2,1,2,1,,,,,,,,,,,,,,
2418,30/3/09,4,6,20,21,32,44,18,"21,32",,1,5,2,1,1,1,1,,,,,,,,,,,,,,
2417,26/3/09,14,21,23,32,36,40,8,14,,2,4,0,1,2,3,0,,,,,,,,,,,,,,
2416,23/3/09,8,14,20,30,38,45,17,,,1,5,1,2,1,1,1,,,,,,,,,,,,,,
2415,19/3/09,16,26,29,31,40,44,14,16,,2,4,0,1,2,2,1,,,,,,,,,,,,,,
2414,16/3/09,2,15,16,24,33,42,39,16,16,2,4,1,2,1,1,1,,,,,,,,,,,,,,
2413,12/3/09,4,16,22,31,36,40,20,"4,31",,1,5,1,1,1,3,0,,,,,,,,,,,,,,
2412,9/3/09,3,4,10,12,30,31,9,,,2,4,3,1,1,1,0,,,,,,,,,,,,,,
2411,5/3/09,5,6,22,33,34,45,44,"22,45",5,3,3,2,0,1,2,1,,,,,,,,,,,,,,
2410,2/3/09,1,19,22,28,32,45,13,32,,3,3,1,1,2,1,1,,,,,,,,,,,,,,
2409,26/2/09,6,10,13,32,33,35,15,,,3,3,2,1,0,3,0,,,,,,,,,,,,,,
2408,23/2/09,2,5,9,11,14,27,19,"9,14",,4,2,3,2,1,0,0,,,,,,,,,,,,,,
2407,19/2/09,9,14,33,34,39,44,35,9,,3,3,1,1,0,3,1,,,,,,,,,,,,,,
2406,16/2/09,4,9,21,25,41,45,37,,,5,1,2,0,2,0,2,,,,,,,,,,,,,,
2405,12/2/09,2,11,17,24,30,36,45,24,,2,4,1,2,2,1,0,,,,,,,,,,,,,,
2404,9/2/09,5,10,20,24,29,31,36,,,3,3,2,1,2,1,0,,,,,,,,,,,,,,
2403,6/2/09,6,14,15,28,37,43,24,43,6,3,3,1,2,1,1,1,,,,,,,,,,,,,,
2402,2/2/09,5,13,16,27,41,43,7,"13,16",,5,1,1,2,1,0,2,,,,,,,,,,,,,,
2401,29/1/09,3,13,16,22,31,32,43,"3,16",,3,3,1,2,1,2,0,,,,,,,,,,,,,,
2400,26/1/09,3,4,11,16,41,44,1,,,3,3,2,2,0,0,2,,,,,,,,,,,,,,
2399,22/1/09,15,20,29,33,39,43,44,,,5,1,0,2,1,2,1,,,,,,,,,,,,,,
2398,19/1/09,3,8,25,30,31,45,21,,,4,2,2,0,2,1,1,,,,,,,,,,,,,,
2397,15/1/09,5,15,18,19,33,43,30,"5,15",15,5,1,1,3,0,1,1,,,,,,,,,,,,,,
2396,12/1/09,2,5,6,15,28,36,16,"6,28",,2,4,3,1,1,1,0,,,,,,,,,,,,,,
2395,8/1/09,6,21,23,28,30,34,39,6,,2,4,1,0,4,1,0,,,,,,,,,,,,,,
2394,5/1/09,4,6,8,18,27,44,13,"4,27",,1,5,3,1,1,0,1,,,,,,,,,,,,,,
2393,1/1/09,3,4,12,22,27,39,37,"3,27",,3,3,2,1,2,1,0,,,,,,,,,,,,,,
2392,29/12/08,2,3,14,25,27,38,1,3,,3,3,2,1,2,1,0,,,,,,,,,,,,,,
2391,25/12/08,3,4,17,28,34,41,33,34,,3,3,2,1,1,1,1,,,,,,,,,,,,,,
2390,22/12/08,10,12,16,26,33,34,29,,,1,5,1,2,1,2,0,,,,,,,,,,,,,,
2389,18/12/08,1,2,6,17,18,21,10,17,18,3,3,3,2,1,0,0,,,,,,,,,,,,,,
2388,15/12/08,17,19,28,30,32,36,29,28,,2,4,0,2,2,2,0,,,,,,,,,,,,,,
2387,11/12/08,2,4,6,28,42,43,39,,,1,5,3,0,1,0,2,,,,,,,,,,,,,,
2386,8/12/08,13,15,18,22,37,45,35,,,4,2,0,3,1,1,1,,,,,,,,,,,,,,
2385,4/12/08,2,9,34,39,42,43,26,,,3,3,2,0,0,2,2,,,,,,,,,,,,,,
2384,1/12/08,4,5,13,16,23,26,30,,,3,3,2,2,2,0,0,,,,,,,,,,,,,,
2383,27/11/08,9,17,18,25,41,45,29,,,5,1,1,2,1,0,2,,,,,,,,,,,,,,
2382,24/11/08,1,12,19,22,33,37,21,,,4,2,1,2,1,2,0,,,,,,,,,,,,,,
2381,20/11/08,18,24,28,29,31,38,17,24,,2,4,0,1,3,2,0,,,,,,,,,,,,,,
2380,17/11/08,8,17,24,30,42,43,18,,17,2,4,1,1,2,0,2,,,,,,,,,,,,,,
2379,13/11/08,5,12,15,20,29,36,19,"12,36",,3,3,1,3,1,1,0,,,,,,,,,,,,,,
2378,10/11/08,3,8,12,14,36,40,24,,,1,5,2,2,0,2,0,,,,,,,,,,,,,,
2377,6/11/08,13,24,26,27,32,35,21,35,,3,3,0,1,3,2,0,,,,,,,,,,,,,,
2376,3/11/08,1,6,31,35,40,42,44,"1,35",,3,3,2,0,0,3,1,,,,,,,,,,,,,,
2375,30/10/08,1,9,17,23,35,38,34,1,,5,1,2,1,1,2,0,,,,,,,,,,,,,,
2374,27/10/08,1,3,6,7,26,39,18,39,,4,2,4,0,1,1,0,,,,,,,,,,,,,,
2373,23/10/08,5,11,18,24,39,41,45,18,,4,2,1,2,1,1,1,,,,,,,,,,,,,,
2372,20/10/08,12,16,18,23,25,35,41,23,,3,3,0,3,2,1,0,,,,,,,,,,,,,,
2371,16/10/08,17,23,24,38,40,44,26,"23,24",,2,4,0,1,2,2,1,,,,,,,,,,,,,,
2370,13/10/08,9,23,24,25,30,41,14,,,4,2,1,0,4,0,1,,,,,,,,,,,,,,
2369,9/10/08,2,20,31,33,38,42,15,"31,42",,2,4,1,1,0,3,1,,,,,,,,,,,,,,
2368,6/10/08,6,13,22,30,31,42,40,6,6,2,4,1,1,2,1,1,,,,,,,,,,,,,,
2367,2/10/08,3,6,7,11,27,37,12,27,,5,1,3,1,1,1,0,,,,,,,,,,,,,,
2366,29/9/08,9,10,22,27,36,39,44,,,3,3,2,0,2,2,0,,,,,,,,,,,,,,
2365,25/9/08,1,15,17,26,38,42,21,,,3,3,1,2,1,1,1,,,,,,,,,,,,,,
2364,22/9/08,6,10,18,21,30,35,1,10,,2,4,2,1,2,1,0,,,,,,,,,,,,,,
2363,18/9/08,10,23,31,37,38,41,20,,,4,2,1,0,1,3,1,,,,,,,,,,,,,,
2362,15/9/08,11,12,13,21,25,32,2,,,4,2,0,3,2,1,0,,,,,,,,,,,,,,
2361,11/9/08,8,10,20,23,40,41,38,"8,20,41",,2,4,2,1,1,1,1,,,,,,,,,,,,,,
2360,8/9/08,8,17,20,39,41,44,43,"8,39",8,3,3,1,2,0,1,2,,,,,,,,,,,,,,
2359,4/9/08,8,25,33,39,40,45,43,39,,4,2,1,0,1,3,1,,,,,,,,,,,,,,
2358,1/9/08,5,14,29,34,37,39,30,,,4,2,1,1,1,3,0,,,,,,,,,,,,,,
2357,28/8/08,2,11,16,32,44,45,6,,,2,4,1,2,0,1,2,,,,,,,,,,,,,,
2356,25/8/08,6,8,12,15,33,37,36,,,3,3,2,2,0,2,0,,,,,,,,,,,,,,
2355,21/8/08,5,9,19,30,41,45,22,,,5,1,2,1,1,0,2,,,,,,,,,,,,,,
2354,18/8/08,4,6,18,22,27,29,26,6,18,2,4,2,1,3,0,0,,,,,,,,,,,,,,
2353,14/8/08,6,7,28,36,38,45,37,,,2,4,2,0,1,2,1,,,,,,,,,,,,,,
2352,11/8/08,3,11,15,23,31,42,7,,11,5,1,1,2,1,1,1,,,,,,,,,,,,,,
2351,8/8/08,14,17,19,21,25,38,34,,,4,2,0,3,2,1,0,,,,,,,,,,,,,,
2350,4/8/08,4,10,12,20,42,43,24,10,4,1,5,2,2,0,0,2,,,,,,,,,,,,,,
2349,31/7/08,9,10,14,18,30,34,11,,,1,5,2,2,1,1,0,,,,,,,,,,,,,,
2348,28/7/08,4,16,21,26,31,37,24,21,,3,3,1,1,2,2,0,,,,,,,,,,,,,,
2347,24/7/08,2,5,9,20,21,42,15,5,,3,3,3,1,1,0,1,,,,,,,,,,,,,,
2346,21/7/08,5,13,25,27,40,44,2,"5,25,27",,4,2,1,1,2,1,1,,,,,,,,,,,,,,
2345,17/7/08,5,10,25,27,36,39,40,5,,4,2,2,0,2,2,0,,,,,,,,,,,,,,
2344,14/7/08,5,12,17,18,38,40,22,,,2,4,1,3,0,2,0,,,,,,,,,,,,,,
2343,10/7/08,22,32,41,42,43,44,31,,,2,4,0,0,1,1,4,,,,,,,,,,,,,,
2342,7/7/08,2,18,19,21,39,45,36,45,,4,2,1,2,1,1,1,,,,,,,,,,,,,,
2341,3/7/08,6,11,14,15,28,45,35,,,3,3,1,3,1,0,1,,,,,,,,,,,,,,